user id,name,skill,location,pincode,district,wage,age,gender,rating
1,Suresh,Plumber,Kottappuram,679513,Palakkad,800,38,Male,3.8
2,Ramesh,Electrician,Thottara,679513,Palakkad,900,42,Male,1.1
3,Anjali,Grass Cutter,Attasseri,679513,Palakkad,700,34,Female,1.9
4,Athira,Coconut Climber,Mannarkkad,678582,Palakkad,800,29,Female,3.6
5,Aani,Carpentry,Adakkaputhur B.O,679503,Palakkad,1000,55,Female,2.3
6,Lissi,Painter,Agali S.O,678581,Palakkad,600,60,Female,3.6
7,Jose,Masonry,Akalur B.O,679302,Palakkad,800,59,Male,4.7
8,Jonson,Driver,Attempathy B.O,678556,Palakkad,900,63,Male,4.1
9,Mathew,Wood Cutter,Athipotta,678544,Palakkad,700,45,Male,1.9
10,Gopalan,Electrician,Athicode,678554,Palakkad,800,48,Male,3
11,Elsi,Home Nurse,Ariyur,678583,Palakkad,1000,42,Female,1.4
12,Remya,Maid,Akathethara,678008,Palakkad,600,58,Female,1.1
13,Ramu,Electrician,Alampallam,678506,Palakkad,800,47,Male,3.5
14,Bindu,Electrician,Alanallur,678601,Palakkad,900,48,Female,4.3
15,Raman,Grass Cutter,Alangad,678633,Palakkad,700,36,Male,3.7
16,Aneesh,Coconut Climber,Alathur Mbr,678541,Palakkad,800,46,Male,3.2
17,Biju,Carpentry,Amayur,679303,Palakkad,1000,62,Male,4.4
18,Rajani,Painter,Ambalapara,679512,Palakkad,600,45,Female,3.4
19,Bineesh,Masonry,Anjumoorthy,678682,Palakkad,800,57,Male,3.5
20,Ganesh,Driver,Ayakkad,678683,Palakkad,900,30,Male,1.3
21,Manoj,Wood Cutter,Ayalur,678510,Palakkad,700,45,Male,4.2
22,Vishnu,Electrician,Azhiyannur,678633,Palakkad,800,43,Male,1.4
23,Sankar,Home Nurse,Bhimanad,678601,Palakkad,1000,35,Male,4.1
24,Mahesh,Maid,Chalavara,679505,Palakkad,600,33,Male,3.1
25,Parameswaran,Plumber,Chalisseri,679536,Palakkad,800,41,Male,2.3
26,Hari,Electrician,Chaliyattiri,679535,Palakkad,900,49,Male,4.8
27,Unnikrishnan,Grass Cutter,Chandramala Estate,678508,Palakkad,700,51,Male,1.4
28,Dasan,Coconut Climber,Chandranagar,678007,Palakkad,800,30,Male,3.1
29,Sidhi,Carpentry,Chandrapuram,678624,Palakkad,1000,31,Male,1.5
30,Musthafa,Painter,Chandrasekharapuram,678611,Palakkad,600,38,Male,3
31,Appunni,Masonry,Changileri,678762,Palakkad,800,33,Male,4
32,Kunjunni,Driver,Chathamangalam,678508,Palakkad,900,34,Male,4
33,Sreeju,Wood Cutter,Chathanur,679535,Palakkad,700,36,Male,1.2
34,Ravi,Electrician,Chavadiyur,678581,Palakkad,800,40,Male,3
35,Rajesh,Home Nurse,Chembra,679304,Palakkad,1000,41,Male,3.2
36,Michael,Maid,Chennangad,678573,Palakkad,600,29,Male,4.5
37,Jonson,Plumber,Chenthamaranagar,678102,Palakkad,800,48,Male,3.9
38,Prakashan,Electrician,Cheramangalam,678703,Palakkad,900,55,Male,4.3
39,Narayanan,Grass Cutter,Cherambattakavu,679501,Palakkad,700,65,Male,3
40,Nithin,Coconut Climber,Cheraya,678631,Palakkad,800,68,Male,2
41,Reshma,Carpentry,Cherottur,679521,Palakkad,1000,52,Female,3
42,Anagha,Painter,Cherpalcheri,679503,Palakkad,600,53,Female,1.1
43,Anil,Masonry,Cherukattupulam,679522,Palakkad,800,61,Male,4.4
44,Hamsa,Driver,Cherukode,679336,Palakkad,900,60,Male,1.6
45,Muneer,Wood Cutter,Cherukulam,678572,Palakkad,700,49,Male,4.8
46,Mathan,Electrician,Cherukutangad,679305,Palakkad,800,53,Male,3.6
47,Ayurghan,Home Nurse,Cherumundasseri,679512,Palakkad,1000,70,Male,4.2
48,Firdoz,Maid,Chethallur,678583,Palakkad,600,65,Male,2.6
49,Akhil,Plumber,Chimbukat,678721,Palakkad,800,61,Male,2.2
50,Rinshad,Electrician,Chindaki,678582,Palakkad,900,61,Male,2.5
51,Fasal,Grass Cutter,Chithali,678702,Palakkad,700,54,Male,1.1
52,Sufail,Coconut Climber,Chittadi,678706,Palakkad,800,59,Male,4.3
53,Nisam,Carpentry,Chittilancheri,678704,Palakkad,1000,57,Male,1
54,Shabeer,Painter,Chittur,678581,Palakkad,600,55,Male,4.9
55,Shakkir,Masonry,Chokkanathapuram,678005,Palakkad,800,66,Male,3.2
56,Anwar,Driver,Choorakode,679336,Palakkad,900,36,Male,3.4
57,Arun,Wood Cutter,Chulanur,678574,Palakkad,700,40,Male,4.5
58,Akshay,Electrician,Chunangad,679511,Palakkad,800,42,Male,4.7
59,Seevan,Home Nurse,Chundampatta,679337,Palakkad,1000,45,Male,3.4
60,Abid,Maid,Coyalmanna,678702,Palakkad,600,47,Male,3
61,Mansoor,Plumber,Dhoni,678009,Palakkad,800,49,Male,1.3
62,Vinod,Electrician,Edakode,679522,Palakkad,900,31,Male,4.8
63,Pramod,Grass Cutter,Edathanttukara,678601,Palakkad,700,29,Male,1.8
64,Balan,Coconut Climber,Edathara,678611,Palakkad,800,31,Male,4.5
65,Babu,Carpentry,Eduppukulam,678556,Palakkad,1000,29,Male,4.5
66,Sreedevi,Painter,Elakkad,678631,Palakkad,600,31,Male,2.1
67,Kuttan,Masonry,Elambulasseri,678595,Palakkad,800,33,Male,1.3
68,Sivan,Driver,Elapulli,678622,Palakkad,900,56,Male,2.7
69,Krishnan,Wood Cutter,Elapulli South,678622,Palakkad,700,54,Male,1.5
70,Vasu,Electrician,Elavampadam,678684,Palakkad,800,33,Male,2.9
71,Satheesh,Home Nurse,Elavancheri,678508,Palakkad,1000,55,Male,1.7
72,Geetha,Maid,Erattakulam,678682,Palakkad,600,54,Male,4.4
73,Preman,Plumber,Eravakkad,679552,Palakkad,800,38,Male,4.7
74,Soman,Electrician,Erimayur,678546,Palakkad,900,41,Male,3.4
75,Sasi,Grass Cutter,Eruttenpadi,678555,Palakkad,700,45,Male,4.7
76,Raghu,Coconut Climber,Etapalam,679308,Palakkad,800,46,Male,3.1
77,Vishal,Carpentry,Ettanur,678502,Palakkad,1000,48,Male,3.7
78,Dora,Maid,Ezhuvanthala,679335,Palakkad,600,55,Male,2.2
79,David,Carpentry,Gandhi Seva Sadan,679302,Palakkad,600,29,Male,2.3
80,Kannan,Painter,Ganeshgiri,679123,Palakkad,800,31,Male,1.5
81,Gopi,Masonry,Govindapuram,678507,Palakkad,900,29,Male,3.1
82,Sundaran,Driver,Irimbakachola,678591,Palakkad,700,31,Male,1.5
83,Mani,Wood Cutter,Irimbalasseri,679335,Palakkad,800,33,Male,3.1
84,Viswan,Electrician,Jellipara,678581,Palakkad,600,56,Male,3.5
85,Varadhan,Carpentry,Kacheriparamba,678601,Palakkad,800,54,Male,1.9
86,Binoy,Painter,Kadambur,679515,Palakkad,900,33,Male,3.7
87,Lolan,Masonry,Kadukkamkunnu,678651,Palakkad,700,55,Male,1.9
88,Sambu,Driver,Kaipuram,679308,Palakkad,800,54,Male,1.1
89,George,Wood Cutter,Kairady,678510,Palakkad,600,29,Male,2.5
90,Jeevan,Electrician,Kaithachira,678582,Palakkad,800,31,Male,3.8
91,Mohan,Carpentry,Kakkayur,678512,Palakkad,900,29,Male,4.2
92,Madhavan,Painter,Kalapatti,678702,Palakkad,700,31,Male,2.8
93,Pyari,Masonry,Kalkandi,678582,Palakkad,800,33,Male,1.2
94,Jayan,Driver,Kalladathur,679552,Palakkad,600,56,Male,1.4
95,Boby,Wood Cutter,Kalladikode,678596,Palakkad,800,54,Male,2.8
96,Tony,Electrician,Kalladipatta,679313,Palakkad,900,33,Male,3.8
97,Xavier,Painter,Kallamala,678582,Palakkad,700,55,Male,1.5
98,Don,Plumber,Kallekkad,678006,Palakkad,800,54,Male,1.2
99,Johnson,Electrician,"Edakochi, Kochi",682010,Ernakulam,600,29,Male,2.3
100,Varghese,hinican,"Edakochi, Kochi",682010,Ernakulam,800,31,Male,1.5
101,Joe,Printing,"Edakochi, Kochi",682010,Ernakulam,900,29,Male,2.2
102,Antony,Carpentry,"Edakochi, Kochi",682010,Ernakulam,700,31,Male,2.4
103,Thomas,Maison,"Edakochi, Kochi",682010,Ernakulam,800,33,Male,3.4
104,Xavier,Maison,"Edakochi, Kochi",682010,Ernakulam,1000,56,Male,4.3
105,Savion,Driver,"Edakochi, Kochi",682010,Ernakulam,900,54,Male,2.4
106,Lawrence,Driver,"Edakochi, Kochi",682010,Ernakulam,900,33,Male,1.9
107,Ann,Painter,"Palluruthy, Kochi",682005,Ernakulam,800,55,Male,2.4
108,Arun,Painter,"Palluruthy, Kochi",682005,Ernakulam,800,54,Male,1.4
109,Nikhil,Mechanic,"Palluruthy, Kochi",682005,Ernakulam,1200,28,Male,4.1
110,Aenosh,Mechanic,"Palluruthy, Kochi",682005,Ernakulam,1200,32,Male,4.4
111,Aebel,Grass Cutter,"Palluruthy, Kochi",682005,Ernakulam,800,45,Male,2.1
112,Catherine,Maid,"Palluruthy, Kochi",682005,Ernakulam,600,38,Female,2.6
113,Sabu,Grass Cutter,"Palluruthy, Kochi",682005,Ernakulam,800,41,Male,3
114,Shiju,Mechanic,"Palluruthy, Kochi",682005,Ernakulam,1200,51,Male,2
115,Jibi,Mechanic,"Palluruthy, Kochi",682005,Ernakulam,1200,60,Male,4.1
116,Jiji,Carpentry,"Palluruthy, Kochi",682005,Ernakulam,900,41,Male,1
117,Pauly,Carpentry,"Palluruthy, Kochi",682005,Ernakulam,900,36,Male,3.6
118,Surendran,Plumber,"N.A.D,Aluva",683563,Ernakulam,800,55,Male,2.8
119,Supran,Painter,"N.A.D,Aluva",683563,Ernakulam,600,28,Male,4.2
120,Rajeev,Wood Cutter,"N.A.D,Aluva",683563,Ernakulam,500,47,Male,3.2
121,Sajeev,Wood Cutter,"N.A.D,Aluva",683563,Ernakulam,600,55,Male,3.6
122,Chandran,Electrician,"N.A.D,Aluva",683563,Ernakulam,700,29,Male,1.9
123,Mini,Maid,"N.A.D,Aluva",683563,Ernakulam,1000,31,Female,3.3
124,Jaya,Masonry,"N.A.D,Aluva",683563,Ernakulam,500,33,Female,4.9
125,Kala,Masonry,"N.A.D,Aluva",683563,Ernakulam,1000,56,Female,3.4
126,Komalam,Masonry,"N.A.D,Aluva",683563,Ernakulam,750,54,Female,2.1
127,Omana,Maid,"N.A.D,Aluva",683563,Ernakulam,650,,Female,3.5
128,Somu,Maid,"N.A.D,Aluva",683563,Ernakulam,550,44,Female,2.7
129,Benseena,Maid,Angamally,683572,Ernakulam,650,45,Female,4
130,sidheeq,Plumber,Angamally,683572,Ernakulam,550,36,Male,4.5
131,Vishnu,Painter,Angamally,683572,Ernakulam,800,39,Male,2.1
132,Vipin,Wood Cutter,Angamally,683572,Ernakulam,600,29,Male,1
133,Aji,Wood Cutter,Angamally,683572,Ernakulam,500,58,Male,4.9
134,Shahana,Maid,Angamally,683572,Ernakulam,600,33,Female,4.6
135,Baiju,Electrician,Angamally,683572,Ernakulam,700,55,Male,4.8
136,Manju,Maid,Angamally,683572,Ernakulam,1000,54,Female,2.4
137,Shaiji,Maid,Angamally,683572,Ernakulam,500,29,Female,2.6
138,Ratheesh,Painter,Angamally,683572,Ernakulam,1000,31,Male,4.9
139,Radhika,Maid,Nadathara,680751,Trissur,750,29,Female,1.9
140,Rajitha,Masonry,Nadathara,680751,Trissur,650,31,Female,3.9
141,Rathi,Maid,Nadathara,680751,Trissur,550,33,Female,1.7
142,Shandha,Maid,Nadathara,680751,Trissur,650,56,Female,2.8
143,shashi,Painter,Nadathara,680751,Trissur,550,54,Male,3.6
144,indhu,Maid,Nadathara,680751,Trissur,1000,33,Female,1.5
145,Sindhu,Maid,Nadathara,680751,Trissur,500,55,Female,2.6
146,Bindhu,Maid,Nadathara,680751,Trissur,1000,54,Female,3.3
147,Praveen,Plumber,Nadathara,680751,Trissur,750,29,Male,4.4
148,shobha,Painter,Nadathara,680751,Trissur,650,55,Female,3.6
149,Aneesh,Painter,Nadathara,680751,Trissur,550,28,Male,3.1
150,Anitha,Maid,Mattam,680602,Trissur,750,47,Female,2.6
151,Shankarankutty,Electrician,Mattam,680602,Trissur,650,55,Male,1.2
152,prasadh,Painter,Mattam,680602,Trissur,550,29,Male,1.2
153,Narayanan,Plumber,Mattam,680602,Trissur,650,31,Male,4.9
154,Mahin,Electrician,Mattam,680602,Trissur,550,33,Male,2.6
155,Sheela,Maid,Mattam,680602,Trissur,800,56,Female,2.7
156,Diana,Maid,Mattam,680602,Trissur,600,54,Female,4.2
157,Shiny,Maid,Mattam,680602,Trissur,500,33,Female,2.5
158,Shaji,Maid,Mattam,680602,Trissur,600,45,Male,4.1
159,Lalu,Painter,Mattam,680602,Trissur,700,35,Male,1.9
160,Jayan,Plumber,Kuttikkad,680724,Trissur,1000,52,Male,2.4
161,sony,Maid,Kuttikkad,680724,Trissur,650,28,Female,4.4
162,Ummukulusu,Maid,Kuttikkad,680724,Trissur,550,65,Female,4.9
163,Laisa,Maid,Kuttikkad,680724,Trissur,650,45,Female,3.4
164,Laiju,Electrician,Kuttikkad,680724,Trissur,550,42,Male,3
165,Lijeesh,Plumber,Kuttikkad,680724,Trissur,800,52,Male,3.5
166,chinju,Maid,Kuttikkad,680724,Trissur,600,36,Female,1.4
167,chippy,Maid,Kuttikkad,680724,Trissur,500,37,Female,1.7
168,akshay,Driver,Kuttikkad,680724,Trissur,600,45,Male,3.5
169,Arjun,Driver,Kuttikkad,680724,Trissur,700,35,Male,1.1
170,Parvathy,Masonry,"Attigal,chirayinkeezhu",695101,Thiruvananthapuram,1000,52,Female,3
171,Shahul,Driver,"Attigal,chirayinkeezhu",695101,Thiruvananthapuram,1000,28,Male,3.1
172,Sivin,Carpentry,"Attigal,chirayinkeezhu",695101,Thiruvananthapuram,650,65,Male,1.8
173,Rahul,Plumber,"Attigal,chirayinkeezhu",695101,Thiruvananthapuram,550,45,Male,3.6
174,Sanjay,Driver,"Attigal,chirayinkeezhu",695101,Thiruvananthapuram,650,42,Male,4.8
175,Paul,Carpentry,"Attigal,chirayinkeezhu",695101,Thiruvananthapuram,550,52,Male,3.6
176,Meenakshy,Maid,"Attigal,chirayinkeezhu",695101,Thiruvananthapuram,800,36,Female,1.5
177,Binu,Carpentry,"Attigal,chirayinkeezhu",695101,Thiruvananthapuram,600,37,Male,4.9
178,Dhanush,Driver,"Attigal,chirayinkeezhu",695101,Thiruvananthapuram,500,37,Male,4.2
179,Amith,Driver,"Attigal,chirayinkeezhu",695101,Thiruvananthapuram,600,45,Male,2.1
180,Snonu,Plumber,"Sasthamangalam,Thiruvananthapuram",695010,Thiruvananthapuram,700,35,Male,1.3
181,Salman,Driver,"Sasthamangalam,Thiruvananthapuram",695010,Thiruvananthapuram,1000,52,Male,3.7
182,Mirza,Wood Cutter,"Sasthamangalam,Thiruvananthapuram",695010,Thiruvananthapuram,650,45,Male,4.4
183,Vaishnav,Driver,"Sasthamangalam,Thiruvananthapuram",695010,Thiruvananthapuram,550,42,Male,2.7
184,Jerry,Plumber,"Sasthamangalam,Thiruvananthapuram",695010,Thiruvananthapuram,800,52,Male,2
185,Ujwal,Carpentry,"Sasthamangalam,Thiruvananthapuram",695010,Thiruvananthapuram,600,36,Male,1.7
186,Nikhil,Wood Cutter,"Sasthamangalam,Thiruvananthapuram",695010,Thiruvananthapuram,500,37,Male,4.6
187,Wilfred,Plumber,"Sasthamangalam,Thiruvananthapuram",695010,Thiruvananthapuram,600,37,Male,4
188,Amal,Carpentry,"Sasthamangalam,Thiruvananthapuram",695010,Thiruvananthapuram,700,45,Male,1.7
189,Ammini,Maid,"Sasthamangalam,Thiruvananthapuram",695010,Thiruvananthapuram,1000,35,Female,3.7
190,Sheeja,Maid,"Bavali,Mananthavady",670646,Wayanad,800,35,Female,4.4
191,Sidhan,Wood Cutter,"Bavali,Mananthavady",670646,Wayanad,600,52,Male,2.7
192,Raman,Plumber,"Bavali,Mananthavady",670646,Wayanad,500,45,Male,4
193,Venu,Carpentry,"Bavali,Mananthavady",670646,Wayanad,600,42,Male,1.4
194,Niveditha,Maid,"Bavali,Mananthavady",670646,Wayanad,700,52,Female,2.5
195,Vinod,Wood Cutter,"Bavali,Mananthavady",670646,Wayanad,1000,36,Female,4.3
196,Subash,Carpentry,"Bavali,Mananthavady",670646,Wayanad,500,37,Female,1.3
197,Rajappan,Plumber,"Bavali,Mananthavady",670646,Wayanad,1000,37,Female,4.7
198,Sharath,Carpentry,"Bavali,Mananthavady",670646,Wayanad,750,45,Male,1.8
199,sahil,Wood Cutter,"Bavali,Mananthavady",670646,Wayanad,650,37,Male,1.5
200,Jayakrishnan,Carpentry,"Anthinad,Meenachil",686651,Kottayam,550,45,Male,1.4
201,Anwar,Plumber,"Anthinad,Meenachil",686651,Kottayam,650,35,Male,3.4
202,Karnan,Masonry,"Anthinad,Meenachil",686651,Kottayam,550,52,Male,4.5
203,vineesh,Wood Cutter,"Anthinad,Meenachil",686651,Kottayam,600,45,Male,3.9
204,Aswin,Masonry,"Anthinad,Meenachil",686651,Kottayam,700,42,Male,2.6
205,Kannan,Masonry,"Anthinad,Meenachil",686651,Kottayam,1000,52,Male,3.4
206,Mohanan,Plumber,"Anthinad,Meenachil",686651,Kottayam,500,36,Male,2.1
207,Jishnu,Wood Cutter,"Anthinad,Meenachil",686651,Kottayam,1000,37,Male,4.4
208,Dasan,Masonry,"Anthinad,Meenachil",686651,Kottayam,750,37,Male,4
209,Dineshan,Plumber,"Anthinad,Meenachil",686651,Kottayam,650,45,Male,3.4
210,Rajesh,Masonry,"Anthinad,Meenachil",686651,Kottayam,550,35,Male,3.2
211,Shajeer,Grass Cutter,"Asramam,Kollam",691002,Kollam,650,35,Male,2.7
212,Abhilash,Plumber,"Asramam,Kollam",691002,Kollam,550,52,Male,3.6
213,Brijesh,Plumber,"Asramam,Kollam",691002,Kollam,1000,45,Male,4
214,Saju,Plumber,"Asramam,Kollam",691002,Kollam,500,55,Male,2.6
215,Sabu,Grass Cutter,"Asramam,Kollam",691002,Kollam,1000,35,Male,1.7
216,Chandrakumar,Wood Cutter,"Asramam,Kollam",691002,Kollam,750,24,Male,1.2
217,vijayakumar,Wood Cutter,"Asramam,Kollam",691002,Kollam,650,56,Male,4.8
218,Ambujashan,Wood Cutter,"Asramam,Kollam",691002,Kollam,550,49,Male,4.8
219,Deepu,Mechanic,Kaloor,682017,Ernakulam,1200,32,Male,2.8
220,Jomon,Mechanic,Kaloor,682017,Ernakulam,1200,28,Male,4.2
221,Sarasama,Cleaner,Cherthala,688524,Alapuzha,600,41,Female,2.2
222,Valli,Cleaner,Cherthala,688524,Alapuzha,600,35,Female,2.1
223,Raji,Cleaner,Cherthala,688524,Alapuzha,600,38,Female,2.6
224,Sudarma,Cleaner,Cherthala,688524,Alapuzha,600,52,Female,2.7
225,Anil,Plumber,Kavalappara,679523,Palakkad,650,35,Male,3.1
226,Krishnan,Electrician,Kavalpad,678012,Palakkad,550,52,Male,4.5
227,Sivan,Grass Cutter,Kavasseri,678543,Palakkad,1000,45,Male,2.6
228,Ramu,Coconut Climber,Kavundikkal,678581,Palakkad,500,55,Male,2.5
229,Raju,Carpentry,Kayiliad,679122,Palakkad,1000,35,Male,3.4
230,Jonson,Painter,Kazhani,678543,Palakkad,750,24,Male,4.9
231,Jomon,Masonry,Keralasseri,678641,Palakkad,650,56,Male,4.2
232,Dhamu,Driver,Kilakkancheri,678684,Palakkad,550,49,Male,2.7
233,Ramanan,Wood Cutter,Kilakkumbram,678642,Palakkad,1200,32,Male,3.6
234,Vasu,Electrician,Kilmuri,679307,Palakkad,1200,28,Male,3.1
235,Deepak,Home Nurse,Kinasseri,678701,Palakkad,600,41,Male,2.4
236,Devan,Maid,Kinavallur,678612,Palakkad,650,35,Male,2
237,Damodharan,Plumber,Kizhakkumuri,678508,Palakkad,550,38,Male,3.5
238,Danush,Electrician,Kizhayur,679303,Palakkad,1000,35,Male,3
239,Dinesh,Grass Cutter,Kizhur,679501,Palakkad,500,52,Male,2.7
240,Arjun,Coconut Climber,Kodakkad,678583,Palakkad,1000,45,Male,4.8
241,Milan,Carpentry,Kodumunda,679303,Palakkad,750,55,Male,1.1
242,Nirmal,Painter,Koduntharapully,678004,Palakkad,650,35,Male,1.5
243,Kishor,Masonry,Koduvayur,678501,Palakkad,550,24,Male,3
244,Vinu,Driver,Kolikkottusseri,679303,Palakkad,1200,56,Male,3.6
245,Vishnu,Carpentry,Kollengode,678506,Palakkad,1200,49,Male,1.3
246,Ragavan,Painter,Kondurkara,679313,Palakkad,600,32,Male,1.3
247,Raghu,Masonry,Kongad,678631,Palakkad,700,28,Male,1.8
248,Rahul,Driver,Konikazhi,678632,Palakkad,800,41,Male,1.4
249,Ananya,Upholsterer,Adayamon,695614,Trivandrum ,1500,35,Female,4.6
250,Akash,Carpentry,Alamcode,695102,Trivandrum ,700,38,Male,2.5
251,Chandini,Solar Panel Installer,Aliyadu,695607,Trivandrum ,1050,34,Female,2.3
252,Devika,Ironworker,Altharamoodu,695102,Trivandrum ,950,43,Female,2.1
253,Elina,Septic Tank Servicer,Amachal,695572,Trivandrum ,600,29,Female,4.2
254,Faisal,Upholsterer,Amaravila,695122,Trivandrum ,850,39,Male,2.3
255,Gopika,Flooring Installer,Ambalamukku,695005,Trivandrum ,1100,47,Female ,2.6
256,Harish,Locksmith,Ambalathara,695026,Trivandrum ,1450,30,Male,3.5
257,Ishita,Plumber,Ambalathinkala,695572,Trivandrum ,750,48,Female ,3.2
258,Jithin,Mechanic,Amboori,695505,Trivandrum ,300,36,Male ,4.5
259,Keerthana,Blacksmith,Anad,695544,Trivandrum ,1350,41,Female ,1.8
260,Lekha,Carpentry,Anakudy,695606,Trivandrum ,1200,31,Female ,2.6
261,Manu,Fence Installer,Anappara,695551,Trivandrum ,1300,49,Male,2.3
262,Nandana,Welder,Anathalavattom,695306,Trivandrum ,1400,45,Female ,2.9
263,Ojas,Mechanic,Anavoor,695124,Trivandrum ,550,32,Male,3.8
264,Pranav,Cabinetmaker,Anayara,695029,Trivandrum ,1150,40,Male,4.8
265,Qamar,Concrete Finisher,Andoorkonam,695584,Trivandrum ,400,29,Male,2.6
266,Riya,Electrician,Anjengo,695309,Trivandrum ,1050,42,Female ,4.9
267,Sreeja,Carpet Installer,Aralumoodu,695123,Trivandrum ,850,35,Female ,2.7
268,Tarun,Roofing Worker,Aramada,695032,Trivandrum ,1450,37,Male ,4
269,Usha,Landscaper,Arayur,695122,Trivandrum ,650,44,Female ,2.1
270,Varun,Painter,Arumanoor,695525,Trivandrum ,750,28,Male ,2.7
271,Winnie,Stonemason,Aruvikara,695564,Trivandrum ,1250,33,Female ,2.8
272,Xena,Solar Panel Installer,Aruvipuram,695126,Trivandrum ,300,46,Female ,4.1
273,Yash,Welder,Aryanad,695542,Trivandrum ,550,50,Male,2.4
274,Zara,Locksmith,Attakulangara,695023,Trivandrum ,1000,38,Female ,2
275,Abhishek,Blacksmith,Attingal,695101,Trivandrum ,950,30,Male ,3.4
276,Bhavana,Septic Tank Servicer,Attukal,695009,Trivandrum ,900,29,Female ,2.6
277,Chitra,Plumber,Avanavancherry,695103,Trivandrum ,1050,47,Female ,3.4
278,Dinesh,Landscaper,Ayilam,695103,Trivandrum ,1300,40,Male,2.6
279,Ekta,Ironworker,Ayira,695502,Trivandrum ,1400,44,Female ,3.6
280,Fathima,Mechanic,Ayroor-varkala,695310,Trivandrum ,800,34,Female ,1.7
281,Girish,Flooring Installer,Azhurmarket,695305,Trivandrum ,1450,48,Male,5
282,Hema,Electrician,Balaramapuram,695501,Trivandrum ,1050,42,Female ,1.6
283,Ishaan,Concrete Finisher,Beemapally,695008,Trivandrum ,1200,45,Male,2.2
284,Karthik,Mechanic,Bhagavathinada,695501,Trivandrum ,1400,28,Male,2.4
285,Lakshmi,Fence Installer,Bharathannur,695616,Trivandrum ,850,36,Female ,4
286,Madhav,Upholsterer,Bonaccord,695557,Trivandrum ,750,31,Male,1.5
287,Nisha,Roofing Worker,Cgo Complex poonkulam,695522,Trivandrum ,450,39,Female ,3.4
288,Omkar,Carpet Installer,Chaikkottukonam,695122,Trivandrum ,1150,50,Male,2.7
289,Prithvi,Cabinetmaker,Chakkai,695024,Trivandrum ,600,37,Male,1.2
290,Queenie,Painter,Changa,695542,Trivandrum ,1450,32,Female ,3.3
291,Rahul,Carpentry,Channamkara,695315,Trivandrum ,1350,43,Male,2.2
292,Sangeetha,Stonemason,Charupara,695601,Trivandrum ,1100,41,Female ,1.4
293,Tejas,Solar Panel Installer,Cheeranikkara,695615,Trivandrum ,900,46,Male,2.2
294,Uma,Plumber,Chekkakonam,695564,Trivandrum ,550,35,Female ,3.4
295,Vivek,Electrician,Chempazhanthy,695587,Trivandrum ,700,38,Male,1.2
296,Xyla,Locksmith,Chenkal,695132,Trivandrum ,800,28,Male,1.4
297,Yuvraj,Concrete Finisher,Cheriakolla,695504,Trivandrum ,400,49,Male,2.4
298,Zainab,Ironworker,Cheriyakonni,695013,Trivandrum ,1050,33,Female,3.2
299,Anjana,Welder,Cherunniyur,695142,Trivandrum ,650,30,Male,1.6
300,Bharath,Blacksmith,Cheruvarakonam,695502,Trivandrum ,950,37,Female,1.8
301,Charulatha,Mechanic,Cheruvikkal,695011,Trivandrum ,850,40,Male,4
302,Deepak,Landscaper,Chettachal,695551,Trivandrum ,1100,31,Female,2.8
303,Elsa,Mechanic,Chilakur,695141,Trivandrum ,1200,45,Male ,3.9
304,Farhan,Fence Installer,Chirayinkeezhu,695304,Trivandrum ,300,34,Female ,3.8
305,Geetha,Septic Tank Servicer,Chittattumukku,695588,Trivandrum ,750,42,Male ,1.2
306,Hareesh,Flooring Installer,Chowara,695501,Trivandrum ,1050,28,Female ,1.3
307,Indira,Roofing Worker,Chullimanoor,695541,Trivandrum ,1350,36,Male ,1.5
308,Kiran,Cabinetmaker,Cotton Hill,695014,Trivandrum ,450,47,Female ,3.3
309,Lakshman,Upholsterer,Daivapura,695563,Trivandrum ,1000,50,Female ,4.8
310,Megha,carpentry,Dalmughom,695125,Trivandrum ,1150,32,Male ,4.8
311,Neeraj,Painter,Dhanuvachapuram,695503,Trivandrum ,550,29,Female ,2.8
312,Priya,Stonemason,Edakode,695104,Trivandrum ,1450,41,Male ,3.3
313,Rohan,Electrician,Edava,695311,Trivandrum ,1400,39,Female ,3.9
314,Shalini,Solar Panel Installer,Elakamon,695310,Trivandrum ,600,46,Female ,4.2
315,Tanvi,Locksmith,Elakamon-kizhakkepuram,695310,Trivandrum ,850,48,Male ,1.8
316,Uday,Fence Installer,Elavattom,695562,Trivandrum ,750,35,Male ,3.6
317,Vijay,Mechanic,Elluvila,695504,Trivandrum ,1300,33,Female ,4.2
318,Xander,Concrete Finisher,Ex-servicemen's Colony,695562,Trivandrum ,1050,38,Female ,1.4
319,Yashoda,Plumber,Goureesapattom,695004,Trivandrum ,1450,44,Female ,2.5
320,Zoya,Blacksmith,Hariharapuram,695310,Trivandrum ,950,28,Male ,4.5
321,Anoop,Mechanic,Idinjar,695563,Trivandrum ,850,30,Female,2.4
322,Bhavya,Ironworker,Ilamba,695103,Trivandrum ,550,49,Female,3.9
323,Chaitanya,Flooring Installer,Ilanchiyam,695563,Trivandrum ,400,37,Female,3.1
324,Divya,Septic Tank Servicer,Industrial Estate,695019,Trivandrum ,1200,40,Female,4.5
325,Esha,Roofing Worker,Irinchayam,695561,Trivandrum ,300,31,Male ,3.5
326,Feroz,Cabinetmaker,Iroorpara,695584,Trivandrum ,1150,45,Female ,3.6
327,Ganga,Carpentry,Jagathy,695014,Trivandrum ,1450,34,Male ,2.8
328,Hemanth,Landscaper,Janardhanapuram,695141,Trivandrum ,700,42,Female ,2.4
329,Ila,Upholsterer,Kachani,695013,Trivandrum ,1100,29,Male ,1.3
330,Karan,Welder,Kadakkavur,695306,Trivandrum ,1050,36,Female ,2.8
331,Lavanya,Painter,Kaikara,695307,Trivandrum ,800,47,Male ,1.2
332,Mohan,Electrician,Kaimanam,695040,Trivandrum ,1250,50,Female ,4.2
333,Nandini,Stonemason,Kaithamukku,695024,Trivandrum ,1350,32,Male ,1.4
334,Om,Solar Panel Installer,Kakkavila,695506,Trivandrum ,950,38,Female ,1.5
335,Pooja,Locksmith,Kalamachal,695606,Trivandrum ,450,41,Male ,2.3
336,Rakesh,Blacksmith,Kallambalam,695605,Trivandrum ,550,39,Female ,1.3
337,Sneha,Plumber,Kallar Tvm,695551,Trivandrum ,850,46,Female ,1
338,Tejaswini,Fence Installer,Kallara,695608,Trivandrum ,1450,48,Male ,2.9
339,Utkarsh,Mechanic,Kallayam,695043,Trivandrum ,750,35,Male ,2.3
340,Vinod,Concrete Finisher,Kalliyal,695574,Trivandrum ,1050,33,Female ,2.8
341,Xavi,Mechanic,Kalliyoor,695042,Trivandrum ,300,28,Female ,3.7
342,Yamini,Ironworker,Kanchinada,695609,Trivandrum ,1100,44,Male ,1.2
343,Zain,Carpet Installer,Kandala,695512,Trivandrum ,1200,30,Female ,2.6
344,Anjali,Roofing Worker,Kaniyapuram,695301,Trivandrum ,600,49,Male ,2
345,Balaji,Cabinetmaker,Kanjampazhanji,695525,Trivandrum ,1400,37,Female ,3.4
346,Chaya,Septic Tank Servicer,Kanjiramkulam,695524,Trivandrum ,650,40,Male ,3.3
347,Devi,Landscaper,Kanjirampara,695030,Trivandrum ,900,31,Male ,1.8
348,Eswar,Welder,Kappil,695311,Trivandrum ,1450,45,Female ,4.6
349,Fiza,Carpentry,Karakonam,695504,Trivandrum ,800,34,Male,1.7
350,Ganesh,Flooring Installer,Karakulam,695564,Trivandrum ,750,42,Male,4.8
351,Hamsa,Painter,Karamana,695002,Trivandrum ,1350,29,Male,4.4
352,Irfan,Electrician,Karavaram,695605,Trivandrum ,1000,36,Female ,3.1
353,Kavya,Stonemason,Karikuzhi,695505,Trivandrum ,1050,47,Female ,2.3
354,Lalitha,Solar Panel Installer,Karimanal,695583,Trivandrum ,550,50,Male ,1.8
355,Manoj,Locksmith,Karimancode,695562,Trivandrum ,700,32,Male ,2.2
356,Naveen,Blacksmith,Karimkuttikara,695606,Trivandrum ,450,38,Female ,2.3
357,Oviya,Plumber,Karipur,695541,Trivandrum ,850,41,Male ,4.1
358,Pradeep,Fence Installer,Karode,695506,Trivandrum ,1150,39,Male ,3.3
359,Rajesh,Mechanic,Karumom,695002,Trivandrum ,1450,46,Female ,3
360,Sujatha,Concrete Finisher,Karyavattom,695581,Trivandrum ,600,48,Male ,1.1
361,Tharun,Mechanic,Katakam,695304,Trivandrum ,1200,35,Male ,3.6
362,Vishal,Roofing Worker,Kattachalkuzhy,695509,Trivandrum ,1050,33,Male ,4.4
363,Xavier,Cabinetmaker,Kattacode,695572,Trivandrum ,550,28,Male ,1.5
364,Yashwanth,Upholsterer,Kattaikonam,695584,Trivandrum ,750,44,Male ,3.6
365,Arjun,Landscaper,Kattakada,695572,Trivandrum ,300,30,Female ,4.3
366,Bhadra,Septic Tank Servicer,Kattumpuram,695608,Trivandrum ,1300,49,Male ,1.9
367,Chetan,carpentry,Kaudiar,695003,Trivandrum ,800,37,Female ,1.4
368,Disha,Welder,Kaudiar Square,695003,Trivandrum ,1400,40,Male ,2.4
369,Eshwar,Flooring Installer,Kavalayur,695144,Trivandrum ,950,31,Female ,1.6
370,Farida,Painter,Kazhakuttam,695582,Trivandrum ,850,45,Male ,3.5
371,Gautham,Electrician,Kazhavur,695526,Trivandrum ,1050,34,Female ,1.5
372,Haritha,Stonemason,Keezharur,695130,Trivandrum ,550,42,Female ,3.7
373,Isha,Solar Panel Installer,Keezhattingal,695101,Trivandrum ,700,29,Female ,1.3
374,Kavitha,Locksmith,Kerala Governor's camp,695099,Trivandrum ,1450,36,Female ,2.2
375,Lakshya,Blacksmith,Kidarakuzhy,695523,Trivandrum ,1100,47,Female ,2.6
376,Meera,Plumber,Kilimanur,695601,Trivandrum ,450,50,Male ,2.3
377,Nandakumar,Mechanic,Kilimanur Palace,695601,Trivandrum ,600,32,Female ,3.9
378,Omana,Ironworker,Kizhuvalam,695104,Trivandrum ,750,38,Male ,4.3
379,Prakash,Concrete Finisher,Kochuvila,695563,Trivandrum ,1350,41,Male ,1.4
380,Raju,Fence Installer,Kodithookiyakunnu,695608,Trivandrum ,1050,39,Male ,2.6
381,Snehal,Roofing Worker,Kodunganur,695013,Trivandrum ,1200,46,Female ,4.5
382,Tanisha,Cabinetmaker,Kodungavila,695123,Trivandrum ,400,48,Male ,2
383,Umesh,Upholsterer,Koduvazhannur,695612,Trivandrum ,950,35,Female ,2.4
384,Vidya,Mechanic,Koithurkonam,695584,Trivandrum ,550,33,Male ,4.1
385,Yuvan,Landscaper,Kokkotela,695542,Trivandrum ,1450,28,Male ,3.4
386,Akhil,Welder,Kokkottukonam,695604,Trivandrum ,800,44,Female ,3.8
387,Bhagya,Carpentry,Koliakode,695607,Trivandrum ,1050,30,Female ,2.7
388,Chitralekha,Flooring Installer,Kollode,695571,Trivandrum ,700,49,Female ,1.9
389,Deepika,Painter,Konchira,695615,Trivandrum ,1350,37,Male ,1.1
390,Elavarasan,Electrician,Koonanvenga,695560,Trivandrum ,300,40,Male ,3.2
391,Gopal,Stonemason,Koonthallur,695304,Trivandrum ,850,31,Female ,2.9
392,Harini,Solar Panel Installer,Koothali(tvm),695505,Trivandrum ,1200,45,Female ,1.1
393,Krishna,Locksmith,Kottackal (tvm),695124,Trivandrum ,600,34,Female ,4.1
394,Latha,Blacksmith,Kottakkakom,695542,Trivandrum ,1100,42,Male ,4.8
395,Manish,Plumber,Kottapuram,695521,Trivandrum ,750,29,Female ,4.1
396,Naveena,Mechanic,Kottoor(tvm),695574,Trivandrum ,1450,36,Female ,2.9
397,Ovi,Ironworker,Kottukal,695501,Trivandrum ,1300,47,Female ,3
398,Pranaya,Concrete Finisher,Achencoil,689696,Kollam ,550,50,Male ,4.8
399,Suman,Fence Installer,Adichanallur,691573,Kollam ,1050,32,Female ,2.4
400,Tanmay,Roofing Worker,Aduthala,691579,Kollam ,850,38,Female ,2.6
401,Urmila,Cabinetmaker,Akkal,691516,Kollam ,950,41,Male ,3.2
402,Yashasvi,Upholsterer,Alayamon,691306,Kollam ,400,39,Female ,2
403,Zeba,Landscaper,Alumkadavu,690573,Kollam ,750,46,Male ,2.3
404,Arun,Septic Tank Servicer,Alumoodu,691577,Kollam ,800,48,Female ,4
405,Chaitra,Carpentry,Alumpeedika,690547,Kollam ,450,35,Male ,4.6
406,Dev,Welder,Ambalakkara,691532,Kollam ,1150,33,Male ,1.4
407,Eshaan,Flooring Installer,Ambalathinnirappu,691508,Kollam ,1400,28,Female ,1.1
408,Gayathri,Painter,Ambalathumbhagom,690520,Kollam ,1050,44,Male ,2.2
409,Hari,Electrician,Ambalathumkala,691505,Kollam ,850,30,Female ,3.4
410,Ishaani,Stonemason,Ambanad,691309,Kollam ,550,49,Male ,2
411,Kamal,Solar Panel Installer,Ambipoika,691501,Kollam ,1450,37,Female ,3.9
412,Manisha,Locksmith,Amrithapuri,690525,Kollam ,1100,40,Female ,2.1
413,Rama,Blacksmith,Anakottur,691505,Kollam ,300,31,Female ,2.4
414,Surya,Plumber,Anakulam,691311,Kollam ,1200,45,Female ,3
415,Uttara,Mechanic,Anapettakongal,691307,Kollam ,700,34,Male ,2
416,Vishnu,Ironworker,Anayadi,690561,Kollam ,950,42,Female ,4
417,Chetna,Concrete Finisher,Anchal,691306,Kollam ,800,29,Female ,1.2
418,Eshita,Fence Installer,Andoor,691532,Kollam ,600,36,Female ,2.7
419,Gayatri,Roofing Worker,Areeplachy,691333,Kollam ,1050,47,Male ,1.6
420,Mohit,Cabinetmaker,Arinallur,690538,Kollam ,1300,50,Male ,2.9
421,Prasad,Upholsterer,Arinallur South,690538,Kollam ,550,32,Male,4.5
422,Raj,Mechanic,Arkannur,691533,Kollam ,1450,38,Female ,3
423,Swathi,Landscaper,Aryankavu,691309,Kollam ,850,41,Female ,3.4
424,Tanushree,Welder,Ashtamudi,691602,Kollam ,1150,39,Female ,1.8
425,Vinita,Carpentry,Asramom,691002,Kollam ,400,46,Male ,2.7
426,Akshay,Flooring Installer,Athinad North,690542,Kollam ,750,48,Female ,3
427,Bhagirathi,Painter,Avaneeswaram,691508,Kollam ,1350,35,Male ,3.4
428,Chirag,Electrician,Avaneeswaram RS,691508,Kollam ,1050,33,Male ,3.7
429,Faiz,Stonemason,Ayathil,691021,Kollam ,850,28,Male ,1.1
430,Gaurav,Solar Panel Installer,Ayilara,691312,Kollam ,600,44,Male ,3.9
431,Iqbal,Locksmith,Ayirakuzhy,691559,Kollam ,1100,30,Female ,4.9
432,Kavita,Blacksmith,Ayiranallur,691307,Kollam ,800,49,Male ,3.5
433,Laxman,Plumber,Ayur,691533,Kollam ,1450,37,Female ,3.4
434,Meenakshi,Mechanic,Azheekkalthura,690547,Kollam ,550,40,Male ,3.7
435,Nithin,Ironworker,Bharatheepuram,691312,Kollam ,700,31,Male ,3.1
436,Prathap,Concrete Finisher,Bhoothakulam,691302,Kollam ,300,45,Female ,2.6
437,Shreya,Fence Installer,Chadayamangalam,691534,Kollam ,950,34,Male ,3
438,Xerxes,Roofing Worker,Chakkuvarakkal,691508,Kollam ,1200,42,Female ,1.5
439,Yashika,Cabinetmaker,Chandanathope,691014,Kollam ,1050,29,Male ,2.8
440,Bhaskar,Upholsterer,Channapettah,691311,Kollam ,750,36,Female ,1.1
441,Dhanya,Landscaper,Channappara,691536,Kollam ,1400,47,Female ,4.5
442,Eesha,Septic Tank Servicer,Chariparabu,691536,Kollam ,850,50,Male ,2.3
443,Faheem,Carpentry,Chathakulam,690520,Kollam ,550,32,Female ,1.3
444,Harsha,Welder,Chathannur,691572,Kollam ,1350,38,Male ,3.8
445,Keshav,Flooring Installer,Chavara,691583,Kollam ,1150,41,Female ,4.2
446,Lekshmi,Painter,Chavara Bridge,691583,Kollam ,600,39,Male ,4.7
447,Praveen,Electrician,Chavara South,691584,Kollam ,1100,46,Female ,2
448,Swetha,Stonemason,Chembanaruvi,689696,Kollam ,800,48,Male ,3.8
449,Vignesh,Solar Panel Installer,Chemmakkad,691601,Kollam ,1450,35,Female ,4.8
450,Bhanu,Locksmith,Chengamanad Jn,691557,Kollam ,1050,33,Female ,1.5
451,Deepthi,Blacksmith,Chenkulam,691510,Kollam ,450,28,Male ,3.7
452,Govind,Plumber,Cheppara,691520,Kollam ,700,44,Male,4.6
453,Ishan,Mechanic,Cheriyavelinallur,691516,Kollam ,300,30,Female ,1.9
454,Kalyani,Ironworker,Cheriyazheekal,690573,Kollam ,950,49,Female ,4.5
455,Navya,Concrete Finisher,Cherukulam,691306,Kollam ,1200,37,Male,3
456,Rajan,Fence Installer,Cherupoika,691543,Kollam ,1050,40,Female ,1.8
457,Sushma,Mechanic,Cheruvakkal,691533,Kollam ,750,31,Female ,2.7
458,Tanya,Roofing Worker,Chirakkara,691578,Kollam ,1400,45,Male ,2.8
459,Vimal,Cabinetmaker,Chirakkarathazham,691578,Kollam ,550,34,Male,4.1
460,An,Upholsterer,Chithara,691559,Kollam ,850,42,Female ,2.8
461,Aarav,Carpentry,Adayamon,695614,Trivandrum ,650,61,Male,3.8
462,Aditi,Plumber,Alamcode,695102,Trivandrum ,800,54,Female,3.1
463,Akhil,Electrician,Aliyadu,695607,Trivandrum ,900,59,Male,4.8
464,Aisha,Grass Cutter,Altharamoodu,695102,Trivandrum ,700,57,Female,1.6
465,Ananya,Coconut Climber,Amachal,695572,Trivandrum ,800,55,Female,1.9
466,Anoop,Carpentry,Amaravila,695122,Trivandrum ,1000,66,Male,2.3
467,Arjun,Painter,Ambalamukku,695005,Trivandrum ,600,36,Male,2.8
468,Arya,Masonry,Ambalathara,695026,Trivandrum ,800,40,Female,2.3
469,Ashwin,Driver,Ambalathinkala,695572,Trivandrum ,900,42,Male,2.8
470,Athira,Wood Cutter,Amboori,695505,Trivandrum ,700,45,Female,1.8
471,Devika,Electrician,Anad,695544,Trivandrum ,800,47,Female,1.6
472,Gaurav,Home Nurse,Anakudy,695606,Trivandrum ,1000,49,Male,4.9
473,Geethika,Maid,Anappara,695551,Trivandrum ,600,31,Female,1.3
474,Gopal,Plumber,Anathalavattom,695306,Trivandrum ,800,29,Male,3.8
475,Harini,Electrician,Anavoor,695124,Trivandrum ,900,31,Female,4.9
476,Harsha,Grass Cutter,Anayara,695029,Trivandrum ,700,29,Male,2.1
477,Ishaan,Coconut Climber,Andoorkonam,695584,Trivandrum ,800,31,Male,1.3
478,Janaki,Carpentry,Anjengo,695309,Trivandrum ,1000,33,Female,3.3
479,Jay,Painter,Aralumoodu,695123,Trivandrum ,600,56,Male,1.4
480,Kavya,Masonry,Aramada,695032,Trivandrum ,800,54,Female,2
481,Kiran,Driver,Arayur,695122,Trivandrum ,900,33,Male,3.5
482,Krishna,Wood Cutter,Arumanoor,695525,Trivandrum ,700,55,Male,3.3
483,Lakshmi,Electrician,Aruvikara,695564,Trivandrum ,800,54,Female,3.5
484,Mahesh,Home Nurse,Aruvipuram,695126,Trivandrum ,1000,38,Male,2.4
485,Maya,Maid,Aryanad,695542,Trivandrum ,600,41,Female,1.4
486,Mohan,Plumber,Attakulangara,695023,Trivandrum ,800,45,Male,3.8
487,Nandini,Electrician,Attingal,695101,Trivandrum ,900,46,Female,4.8
488,Nikhil,Grass Cutter,Attukal,695009,Trivandrum ,700,48,Male,1.2
489,Nithya,Coconut Climber,Avanavancherry,695103,Trivandrum ,800,55,Female,3.2
490,Pranav,Carpentry,Ayilam,695103,Trivandrum ,1000,29,Male,3
491,Priya,Painter,Ayira,695502,Trivandrum ,600,31,Female,2
492,Rahul,Masonry,Ayroor-varkala,695310,Trivandrum ,800,29,Male,2.4
493,Rhea,Driver,Azhurmarket,695305,Trivandrum ,900,31,Female,2.1
494,Rohan,Wood Cutter,Balaramapuram,695501,Trivandrum ,700,33,Male,1.2
495,Roshni,Electrician,Beemapally,695008,Trivandrum ,800,56,Female,3.6
496,Sachin,Home Nurse,Bhagavathinada,695501,Trivandrum ,1000,54,Male,2.6
497,Sahana,Maid,Bharathannur,695616,Trivandrum ,600,33,Female,1.2
498,Sanjay,Plumber,Bonaccord,695557,Trivandrum ,800,55,Male,1.2
499,Sara,Electrician,Cgo Complex poonkulam,695522,Trivandrum ,900,54,Female,4.8
500,Satish,Grass Cutter,Chaikkottukonam,695122,Trivandrum ,700,29,Male,4.5
501,Shreya,Coconut Climber,Chakkai,695024,Trivandrum ,800,31,Female,3.8
502,Siddharth,Carpentry,Changa,695542,Trivandrum ,1000,29,Male,3.6
503,Sneha,Painter,Channamkara,695315,Trivandrum ,600,31,Female,2.8
504,Sreejith,Masonry,Charupara,695601,Trivandrum ,800,33,Male,1.1
505,Sujatha,Driver,Cheeranikkara,695615,Trivandrum ,900,56,Female,4.6
506,Suman,Wood Cutter,Chekkakonam,695564,Trivandrum ,700,54,Male,4.1
507,Sunitha,Electrician,Chempazhanthy,695587,Trivandrum ,800,33,Female,4.5
508,Suraj,Home Nurse,Chenkal,695132,Trivandrum ,1000,55,Male,1.4
509,Swathi,Maid,Cheriakolla,695504,Trivandrum ,600,54,Male,3.1
510,Tanvi,Plumber,Cheriyakonni,695013,Trivandrum ,800,29,Female,1.9
511,Tarun,Electrician,Cherunniyur,695142,Trivandrum ,900,31,Male,4.9
512,Tejas,Grass Cutter,Cheruvarakonam,695502,Trivandrum ,700,29,Male,3.3
513,Uma,Coconut Climber,Cheruvikkal,695011,Trivandrum ,800,31,Female,3
514,Unnikrishnan,Carpentry,Chettachal,695551,Trivandrum ,1000,33,Female,1.2
515,Vaishnavi,Painter,Chilakur,695141,Trivandrum ,600,56,Male,1.4
516,Varun,Masonry,Chirayinkeezhu,695304,Trivandrum ,800,54,Female,3.1
517,Vedika,Driver,Chittattumukku,695588,Trivandrum ,900,33,Male,4.4
518,Veena,Wood Cutter,Chowara,695501,Trivandrum ,700,55,Male,2.3
519,Vignesh,Electrician,Chullimanoor,695541,Trivandrum ,800,54,Female,1.2
520,Vishnu,Home Nurse,Cotton Hill,695014,Trivandrum ,1000,33,Female,2.9
521,Vivek,Maid,Daivapura,695563,Trivandrum ,600,55,Male,3.5
522,Yash,Plumber,Dalmughom,695125,Trivandrum ,800,54,Female,2.8
523,Aalia,Electrician,Dhanuvachapuram,695503,Trivandrum ,900,29,Male,1.1
524,Abhinav,Grass Cutter,Edakode,695104,Trivandrum ,700,31,Female,1
525,Aditi,Coconut Climber,Edava,695311,Trivandrum ,800,29,Female,3
526,Ajay,Carpentry,Elakamon,695310,Trivandrum ,1000,31,Male,1.5
527,Akshara,Painter,Elakamon-kizhakkepuram,695310,Trivandrum ,600,33,Male,1.5
528,Akshay,Masonry,Elavattom,695562,Trivandrum ,800,56,Female,2.5
529,Amrita,Driver,Elluvila,695504,Trivandrum ,900,54,Female,4
530,Anand,Wood Cutter,Ex-servicemen's Colony,695562,Trivandrum ,700,33,Female,3.8
531,Anjali,Electrician,Goureesapattom,695004,Trivandrum ,800,55,Male,3.4
532,Ankit,Home Nurse,Hariharapuram,695310,Trivandrum ,1000,54,Female,1.4
533,Anushka,Maid,Idinjar,695563,Trivandrum ,600,29,Male,2.7
534,Arnav,Plumber,Ilamba,695103,Trivandrum ,800,55,Female,3.6
535,Asha,Electrician,Ilanchiyam,695563,Trivandrum ,900,28,Male,3.8
536,Avinash,Grass Cutter,Industrial Estate,695019,Trivandrum ,700,47,Female,1.5
537,Bhavya,Coconut Climber,Irinchayam,695561,Trivandrum ,800,55,Male,2
538,Chetan,Carpentry,Iroorpara,695584,Trivandrum ,1000,29,Male,2
539,Deepa,Maid,Jagathy,695014,Trivandrum ,600,31,Male,1
540,Deepak,Carpentry,Janardhanapuram,695141,Trivandrum ,600,33,Female,2.7
541,Dhanya,Painter,Kachani,695013,Trivandrum ,800,56,Male,1.2
542,Divya,Masonry,Kadakkavur,695306,Trivandrum ,900,54,Male,4.1
543,Ganesh,Driver,Kaikara,695307,Trivandrum ,700,33,Female,3.2
544,Gayathri,Wood Cutter,Kaimanam,695040,Trivandrum ,800,45,Male,2.8
545,Girish,Electrician,Kaithamukku,695024,Trivandrum ,600,35,Female,1.2
546,Gowri,Carpentry,Kakkavila,695506,Trivandrum ,800,52,Female,4.1
547,Hema,Painter,Kalamachal,695606,Trivandrum ,900,28,Male,1.5
548,Inder,Masonry,Kallambalam,695605,Trivandrum ,700,65,Female,1.9
549,Indira,Driver,Kallar Tvm,695551,Trivandrum ,800,45,Female,1.2
550,Jaideep,Wood Cutter,Kallara,695608,Trivandrum ,600,42,Male,1
551,Janani,Electrician,Kallayam,695043,Trivandrum ,800,52,Male,3
552,Jayesh,Carpentry,Kalliyal,695574,Trivandrum ,900,36,Male,1.9
553,Jyothi,Painter,Kalliyoor,695042,Trivandrum ,700,37,Female,2.5
554,Kalyan,Masonry,Kanchinada,695609,Trivandrum ,800,45,Male,2.2
555,Kavitha,Driver,Kandala,695512,Trivandrum ,600,35,Male,4
556,Kiran,Wood Cutter,Kaniyapuram,695301,Trivandrum ,800,52,Female,3.6
557,Krithika,Electrician,Kanjampazhanji,695525,Trivandrum ,900,28,Female,1.7
558,Latha,Painter,Kanjiramkulam,695524,Trivandrum ,700,65,Female,4.9
559,Madhav,Plumber,Kanjirampara,695030,Trivandrum ,800,45,Female,3.9
560,Madhu,Electrician,Kappil,695311,Trivandrum ,600,42,Male,3.8
561,Madhuri,hinican,Karakonam,695504,Trivandrum ,800,52,Male,2.6
562,Mahesh,Printing,Karakulam,695564,Trivandrum ,900,36,Female,3.4
563,Malavika,Carpentry,Karamana,695002,Trivandrum ,700,37,Male,1.4
564,Manish,Plumber,Karavaram,695605,Trivandrum ,800,37,Male,3.5
565,Meenakshi,Painter,Karikuzhi,695505,Trivandrum ,1000,45,Male,3.4
566,Mithun,Wood Cutter,Karimanal,695583,Trivandrum ,500,35,Female,1.9
567,Mythri,Wood Cutter,Karimancode,695562,Trivandrum ,550,52,Female,4.4
568,Naveen,Electrician,Karimkuttikara,695606,Trivandrum ,800,37,Male,4.7
569,Neelima,Maid,Karipur,695541,Trivandrum ,600,40,Female,2.7
570,Neha,Masonry,Karode,695506,Trivandrum ,500,31,Male,3.8
571,Nidhi,Masonry,Karumom,695002,Trivandrum ,600,45,Female,1.5
572,Nihar,Masonry,Karyavattom,695581,Trivandrum ,700,34,Male,3.7
573,Niranjana,Maid,Katakam,695304,Trivandrum ,1000,42,Female,4.4
574,Nisha,Maid,Kattachalkuzhy,695509,Trivandrum ,500,28,Male,2.8
575,Nithin,Maid,Kattacode,695572,Trivandrum ,1000,36,Female,3.3
576,Pallavi,Plumber,Kattaikonam,695584,Trivandrum ,750,47,Male,2.9
577,Pavithra,Painter,Kattakada,695572,Trivandrum ,650,50,Female,1.4
578,Pradeep,Wood Cutter,Kattumpuram,695608,Trivandrum ,550,32,Female,2
579,Pragati,Wood Cutter,Kaudiar,695003,Trivandrum ,650,29,Female,4.3
580,Preeti,Painter,Kaudiar Square,695003,Trivandrum ,550,41,Male,3.8
581,Prem,Wood Cutter,Kavalayur,695144,Trivandrum ,1000,39,Male,3.8
582,Priyanka,Wood Cutter,Kazhakuttam,695582,Trivandrum ,500,46,Female,3.2
583,Rajan,Electrician,Kazhavur,695526,Trivandrum ,1000,48,Female,3.8
584,Rajani,Maid,Keezharur,695130,Trivandrum ,1000,35,Male,1.3
585,Rajesh,Masonry,Keezhattingal,695101,Trivandrum ,500,33,Female,4
586,Ranjith,Masonry,Kerala Governor's camp,695099,Trivandrum ,1000,38,Male,3.4
587,Ravi,Masonry,Kidarakuzhy,695523,Trivandrum ,750,44,Female,1.4
588,Revathi,Maid,Kilimanur,695601,Trivandrum ,650,28,Male,1.6
589,Rohini,Maid,Kilimanur Palace,695601,Trivandrum ,550,30,Male,1.9
590,Roshan,Maid,Kizhuvalam,695104,Trivandrum ,650,49,Female,4
591,Sahil,Plumber,Kochuvila,695563,Trivandrum ,550,37,Male,2.1
592,Sakshi,Painter,Kodithookiyakunnu,695608,Trivandrum ,800,40,Female,4.2
593,Sandeep,Wood Cutter,Kodunganur,695013,Trivandrum ,600,31,Male,3.7
594,Sandhya,Wood Cutter,Kodungavila,695123,Trivandrum ,500,45,Male,4.1
595,Sanjay,Maid,Koduvazhannur,695612,Trivandrum ,600,34,Female,2.3
596,Sanjana,Electrician,Koithurkonam,695584,Trivandrum ,700,42,Male,3.1
597,Santosh,Maid,Kokkotela,695542,Trivandrum ,1000,29,Male,3.1
598,Saranya,Maid,Kokkottukonam,695604,Trivandrum ,500,36,Female,1
599,Sasi,Painter,Koliakode,695607,Trivandrum ,1000,47,Male,1.6
600,Sathisha,Maid,Kollode,695571,Trivandrum ,750,50,Female,2.8
601,Seema,Masonry,Konchira,695615,Trivandrum ,650,32,Female,2.9
602,Shalini,Maid,Koonanvenga,695560,Trivandrum ,550,38,Female,2.5
603,Shankar,Maid,Koonthallur,695304,Trivandrum ,650,41,Male,1.4
604,Sharmila,Painter,Koothali(tvm),695505,Trivandrum ,550,39,Female,4.6
605,Shashi,Maid,Kottackal (tvm),695124,Trivandrum ,1000,46,Male,2.3
606,Sheela,Maid,Kottakkakom,695542,Trivandrum ,500,48,Female ,1.7
607,Shreeram,Maid,Kottapuram,695521,Trivandrum ,1000,35,Male ,4.9
608,Shruti,Plumber,Kottoor(tvm),695574,Trivandrum ,750,33,Female,1.2
609,Shyam,Painter,Kottukal,695501,Trivandrum ,650,28,Male,4.2
610,Sindhu,Painter,Achencoil,689696,Kollam ,550,44,Female ,3.3
611,Snehal,Maid,Adichanallur,691573,Kollam ,750,30,Male,3.9
612,Sowmya,Electrician,Aduthala,691579,Kollam ,650,49,Female ,4
613,Sravan,Painter,Akkal,691516,Kollam ,550,37,Male ,2.6
614,Muthu,Plumber,Kallekulangara,678009,Palakkad,800,38,Male,2.8
615,Kavya,Plumber,Kallepulli,678005,Palakkad,900,42,Female,3.1
616,Lakshmi,Electrician,Kallipadam,679122,Palakkad,700,34,Female,3.7
617,Ammu,Grass Cutter,Kallur-palakkad,678613,Palakkad,800,29,Female,2.2
618,Santha,Coconut Climber,Kalluvazhi,679514,Palakkad,1000,55,Female,1.9
619,Sobha,Carpentry,Kalpathi,678003,Palakkad,600,60,Female,2
620,Devaki,Painter,Kanakkanthuruthy,678683,Palakkad,800,59,Female,4.8
621,Kalyani,Masonry,Kanayam,679122,Palakkad,900,63,Female,1.8
622,Mayavathi,Driver,Kandamangalam,678583,Palakkad,700,45,Female,2.5
623,Mahalakshmi,Wood Cutter,Kanhikulam,678596,Palakkad,800,48,Female,3.1
624,Padmavathi,Plumber,Kanhirapuzha,678591,Palakkad,900,42,Female,1
625,Sujatha,Electrician,Kanimangalam,678508,Palakkad,700,58,Female,3.8
626,Pressanna,Grass Cutter,Kanjikode,678621,Palakkad,800,47,Female,4.6
627,Manjusha,Coconut Climber,Kannadi,678701,Palakkad,1000,48,Female,2
628,Meena,Carpentry,Kannambra,678686,Palakkad,600,36,Female,2
629,Kiran,Painter,Kannanur,678702,Palakkad,800,46,Male,4.1
630,Varun,Masonry,Kanniampuram,679104,Palakkad,900,62,Male,3.3
631,Sudhin,Driver,Kannimari,678534,Palakkad,700,38,Male,4.7
632,Subin,Wood Cutter,Kappur,679552,Palakkad,800,42,Male,1.2
633,Akash,Plumber,Karakurissi,678595,Palakkad,900,34,Male,3.3
634,Adarsh,Electrician,Karalmanna,679506,Palakkad,700,29,Male,3.9
635,Vinu,Grass Cutter,Karambathur,679305,Palakkad,800,55,Male,1
636,Vishnu,Coconut Climber,Karara,678581,Palakkad,1000,60,Male,3.2
637,Damodharan,Carpentry,Karattukurissi,679503,Palakkad,600,59,Male,4.9
638,Lakshmanan,Painter,Karimba,678597,Palakkad,800,63,Male,4.6
639,Arjun,Masonry,Karimpuzha,679513,Palakkad,900,45,Male,3.6
640,Jomon,Driver,Karingarapully,678551,Palakkad,700,48,Male,2.3
641,Mohanan,Wood Cutter,Karinkayam,678706,Palakkad,800,42,Male,4.1
642,Balakrishnan,Plumber,Karippali,678532,Palakkad,900,58,Male,3
643,Midhun,Electrician,Karippode,678503,Palakkad,700,47,Male,4.7
644,Abraham,Grass Cutter,Kariyamkode,678572,Palakkad,800,48,Male,3.2
645,Murali,Coconut Climber,Karkitamkunnu,678601,Palakkad,1000,36,Male,4.7
646,Babu,Carpentry,Karumanamkurissi,679504,Palakkad,600,46,Male,3.6
647,Aswin,Painter,Katambazhipuram,678633,Palakkad,800,62,Male,1.2
648,Sanoop,Masonry,Kattukulam,679514,Palakkad,900,32,Male,4
649,Sandeep,Driver,Kattusseri,678542,Palakkad,700,54,Male,2.5
650,Aarav,Plumber,Kottappuram,679513,Palakkad,1000,33,Male,1.3
651,Abhilash,Electrician,Thottara,679513,Palakkad,600,56,Male,4.7
652,Aditya,Grass Cutter,Attasseri,679513,Palakkad,600,54,Male,3.6
653,Akash,Coconut Climber,Mannarkkad,678582,Palakkad,800,33,Male,1.7
654,Akhil,Carpentry,Adakkaputhur B.O,679503,Palakkad,900,55,Male,4.8
655,Akshay,Painter,Agali S.O,678581,Palakkad,700,54,Male,1.5
656,Anand,Masonry,Akalur B.O,679302,Palakkad,800,38,Male,3.9
657,Ananth,Driver,Attempathy B.O,678556,Palakkad,600,41,Male,2.8
658,Anil,Wood Cutter,Athipotta,678544,Palakkad,800,45,Male,2.5
659,Anoop,Plumber,Athicode,678554,Palakkad,900,46,Male,2.7
660,Anuj,Electrician,Ariyur,678583,Palakkad,700,48,Male,2.4
661,Aravind,Grass Cutter,Akathethara,678008,Palakkad,800,55,Male,3.3
662,Arjun,Coconut Climber,Alampallam,678506,Palakkad,600,29,Male,1.4
663,Arun,Carpentry,Alanallur,678601,Palakkad,800,31,Male,2.7
664,Ashok,Painter,Alangad,678633,Palakkad,900,29,Male,3.4
665,Balaji,Masonry,Alathur Mbr,678541,Palakkad,700,31,Male,1.9
666,Binoy,Driver,Amayur,679303,Palakkad,800,33,Male,4.7
667,Chaitanya,Wood Cutter,Ambalapara,679512,Palakkad,600,56,Male,4.1
668,Deepak,Plumber,Anjumoorthy,678682,Palakkad,800,54,Male,5
669,Gautham,Electrician,Ayakkad,678683,Palakkad,900,33,Male,3.8
670,Gokul,Grass Cutter,Ayalur,678510,Palakkad,700,55,Male,3.6
671,Govind,Coconut Climber,Azhiyannur,678633,Palakkad,800,54,Male,1.1
672,Harish,Carpentry,Bhimanad,678601,Palakkad,600,29,Male,2.2
673,Jagan,Painter,Chalavara,679505,Palakkad,800,31,Male,1.5
674,Jagannath,Masonry,Chalisseri,679536,Palakkad,900,29,Male,2.2
675,Jai,Driver,Chaliyattiri,679535,Palakkad,700,31,Male,2.7
676,Jay,Wood Cutter,Chandramala Estate,678508,Palakkad,800,33,Male,4.9
677,Jayan,Plumber,Chandranagar,678007,Palakkad,1000,56,Male,2.6
678,Jayesh,Electrician,Chandrapuram,678624,Palakkad,500,54,Male,4.3
679,Jithin,Grass Cutter,Chandrasekharapuram,678611,Palakkad,550,33,Male,2.9
680,Kishore,Plumber,Changileri,678762,Palakkad,800,55,Male,3.4
681,Krishna,Electrician,Chathamangalam,678508,Palakkad,600,54,Male,4.3
682,Madhav,Grass Cutter,Chathanur,679535,Palakkad,500,29,Male,3.7
683,Mahesh,Coconut Climber,Chavadiyur,678581,Palakkad,600,31,Male,2.3
684,Manish,Carpentry,Chembra,679304,Palakkad,700,29,Male,2.6
685,Manoj,Painter,Chennangad,678573,Palakkad,1000,31,Male,3.3
686,Midhun,Masonry,Chenthamaranagar,678102,Palakkad,500,33,Male,1.9
687,Mohan,Carpentry,Cheramangalam,678703,Palakkad,1000,56,Male,2.7
688,Mukund,Painter,Cherambattakavu,679501,Palakkad,750,33,Male,1.6
689,Naveen,Masonry,Cheraya,678631,Palakkad,650,56,Male,4.3
690,Neeraj,Driver,Cherottur,679521,Palakkad,550,54,Male,2.8
691,Nithin,Wood Cutter,Cherpalcheri,679503,Palakkad,650,33,Male,3.4
692,Nitin,Electrician,Cherukattupulam,679522,Palakkad,550,55,Male,2.6
693,Pradeep,Home Nurse,Cherukode,679336,Palakkad,1000,54,Male,4.3
694,Prakash,Maid,Cherukulam,678572,Palakkad,500,38,Male,4.1
695,Pranav,Plumber,Cherukutangad,679305,Palakkad,1000,41,Male,1
696,Prasad,Electrician,Cherumundasseri,679512,Palakkad,1000,45,Male,2.7
697,Praveen,Grass Cutter,Chethallur,678583,Palakkad,500,46,Male,2.5
698,Raj,Coconut Climber,Chimbukat,678721,Palakkad,1000,48,Male,4.1
699,Rajan,Carpentry,Chindaki,678582,Palakkad,750,55,Male,2.8
700,Rajesh,Painter,Chithali,678702,Palakkad,650,29,Male,2
701,Rakesh,Masonry,Chittadi,678706,Palakkad,550,31,Male,1.5
702,Ranjit,Driver,Chittilancheri,678704,Palakkad,1000,29,Male,1.1
703,Ravi,Electrician,Chittur,678581,Palakkad,600,31,Male,4.7
704,Rohan,Stonemason,Chokkanathapuram,678005,Palakkad,600,33,Male,3.5
705,Sajith,Solar Panel Installer,Choorakode,679336,Palakkad,800,56,Male,4.7
706,Sanjay,Locksmith,Chulanur,678574,Palakkad,900,54,Male,4.7
707,Santosh,Blacksmith,Chunangad,679511,Palakkad,700,33,Male,3.9
708,Satish,Electrician,Chundampatta,679337,Palakkad,800,55,Male,4.9
709,Senthil,Grass Cutter,Coyalmanna,678702,Palakkad,600,54,Male,2.3
710,Shyam,Plumber,Dhoni,678009,Palakkad,800,29,Male,3.1
711,Sreekanth,Electrician,Edakode,679522,Palakkad,900,31,Male,2.7
712,Sreenath,Grass Cutter,Edathanttukara,678601,Palakkad,700,29,Male,2.8
713,Sujith,Coconut Climber,Edathara,678611,Palakkad,800,31,Male,2.8
714,Sunil,Carpentry,Eduppukulam,678556,Palakkad,600,33,Male,2.6
715,Suresh,Painter,Elakkad,678631,Palakkad,800,56,Male,2.9
716,Surya,Masonry,Elambulasseri,678595,Palakkad,900,54,Male,3.8
717,Unnikrishnan,Driver,Elapulli,678622,Palakkad,700,33,Male,2.2
718,Varun,Wood Cutter,Elapulli South,678622,Palakkad,800,55,Male,4.4
719,Venu,Plumber,Elavampadam,678684,Palakkad,600,54,Male,4.8
720,Vijay,Electrician,Elavancheri,678508,Palakkad,800,29,Male,4.1
721,Vikas,Grass Cutter,Erattakulam,678682,Palakkad,900,31,Male,1.9
722,Vinay,Coconut Climber,Eravakkad,679552,Palakkad,700,29,Male,3.1
723,Vineeth,Carpentry,Erimayur,678546,Palakkad,800,31,Male,2.3
724,Vishal,Painter,Eruttenpadi,678555,Palakkad,600,33,Male,4
725,Vishnu,Masonry,Etapalam,679308,Palakkad,800,56,Male,4.2
726,Vivek,Driver,Ettanur,678502,Palakkad,900,33,Male,1.5
727,Yash,Wood Cutter,Ezhuvanthala,679335,Palakkad,700,56,Male,3
728,Yashwant,Plumber,Gandhi Seva Sadan,679302,Palakkad,800,54,Male,2
729,Adarsh,Electrician,Ganeshgiri,679123,Palakkad,1000,33,Male,1.3
730,Alok,Grass Cutter,Govindapuram,678507,Palakkad,500,55,Male,4
731,Amit,Coconut Climber,Irimbakachola,678591,Palakkad,550,54,Male,4.3
732,Amrit,Carpentry,Irimbalasseri,679335,Palakkad,800,38,Male,2.3
733,Arav,Painter,Jellipara,678581,Palakkad,600,41,Male,3.7
734,Armaan,Masonry,Kacheriparamba,678601,Palakkad,500,45,Male,1.4
735,Avinash,Driver,Kadambur,679515,Palakkad,600,46,Male,2.2
736,Darshan,Wood Cutter,Kadukkamkunnu,678651,Palakkad,700,48,Male,3.1
737,Dinesh,Plumber,Kaipuram,679308,Palakkad,1000,55,Male,2.4
738,Eeshan,Electrician,Kairady,678510,Palakkad,500,29,Male,2
739,Harsh,Grass Cutter,Kaithachira,678582,Palakkad,1000,31,Male,3.8
740,Hitesh,Plumber,Kakkayur,678512,Palakkad,750,29,Male,1.3
741,Jagdish,Electrician,Kalapatti,678702,Palakkad,650,31,Male,3.7
742,Kapil,Grass Cutter,Kalkandi,678582,Palakkad,550,33,Male,2.7
743,Karan,Coconut Climber,Kalladathur,679552,Palakkad,650,56,Male,4.9
744,Karthik,Carpentry,Kalladikode,678596,Palakkad,550,54,Male,1.8
745,Kunal,Painter,Kalladipatta,679313,Palakkad,1000,33,Male,3.1
746,Manu,Masonry,Kallamala,678582,Palakkad,500,55,Male,3.3
747,Mayank,Driver,Kallekkad,678006,Palakkad,1000,54,Male,1.3
748,Milind,Wood Cutter,Kallipadam,679122,Palakkad,1000,29,Male,3.9
749,Navin,Plumber,Kallur-palakkad,678613,Palakkad,500,31,Male,4.7
750,Aaradhya,Electrician,Kalluvazhi,679514,Palakkad,1000,29,Female,1.8
751,Aishwarya,Grass Cutter,Kalpathi,678003,Palakkad,750,31,Female,1.2
752,Akhila,Coconut Climber,Kanakkanthuruthy,678683,Palakkad,650,33,Female,3.9
753,Ananya,Carpentry,Kanayam,679122,Palakkad,550,56,Female,2.7
754,Anjali,Painter,Kandamangalam,678583,Palakkad,600,54,Female,4.5
755,Anju,Masonry,Kanhikulam,678596,Palakkad,700,33,Female,1.9
756,Anusha,Driver,Kanhirapuzha,678591,Palakkad,1000,55,Female,3.2
757,Arya,Wood Cutter,Kanimangalam,678508,Palakkad,500,54,Female,1.2
758,Aswathy,Plumber,Kanjikode,678621,Palakkad,1000,29,Female,1.5
759,Devika,Electrician,Kannadi,678701,Palakkad,750,31,Female,3.5
760,Divya,Grass Cutter,Kannambra,678686,Palakkad,650,29,Female,1.2
761,Gayathri,Coconut Climber,Kannanur,678702,Palakkad,550,31,Female,4.7
762,Greeshma,Carpentry,Kanniampuram,679104,Palakkad,650,33,Female,3.4
763,Harini,Painter,Kannimari,678534,Palakkad,550,56,Female,3.5
764,Ishika,Masonry,Kappur,679552,Palakkad,1000,40,Female,4.7
765,Janani,Driver,Karakurissi,678595,Palakkad,500,36,Female,2.1
766,Jaya,Wood Cutter,Karalmanna,679506,Palakkad,1000,38,Female,2.3
767,Kavya,Plumber,Karambathur,679305,Palakkad,1000,29,Female,2.8
768,Lakshmi,Electrician,Karara,678581,Palakkad,500,35,Female,3.8
769,Malavika,Grass Cutter,Karattukurissi,679503,Palakkad,1000,55,Female,2.6
770,Meenakshi,Driver,Karimba,678597,Palakkad,750,42,Female,1
771,Nandana,Wood Cutter,Karimpuzha,679513,Palakkad,650,44,Female,4.3
772,Nayana,Plumber,Karingarapully,678551,Palakkad,550,33,Female,4.6
773,Nisha,Electrician,Karinkayam,678706,Palakkad,900,32,Female,2.8
774,Priya,Grass Cutter,Kolikkottusseri,679303,Palakkad,600,40,Female,4
775,Adarsh,Plumber,Choorakode,679336,Palakkad,600,29,Male,4.2
776,Aditya,Electrician,Chulanur,678574,Palakkad,800,31,Male,3.2
777,Akash,Stonemason,Chunangad,679511,Palakkad,900,29,Male,2
778,Akhil,Solar Panel Installer,Chundampatta,679337,Palakkad,700,31,Male,4.1
779,Ajay,Locksmith,Coyalmanna,678702,Palakkad,800,33,Male,1
780,Ajith,Blacksmith,Dhoni,678009,Palakkad,1000,56,Male,4.2
781,Akshay,Plumber,Edakode,679522,Palakkad,600,54,Male,2.2
782,Alok,Mechanic,Edathanttukara,678601,Palakkad,800,33,Male,1.6
783,Alvin,Ironworker,Edathara,678611,Palakkad,900,55,Male,2.9
784,Amal,Concrete Finisher,Eduppukulam,678556,Palakkad,700,54,Male,2.2
785,Aman,Fence Installer,Elakkad,678631,Palakkad,800,29,Male,4.6
786,Amar,Roofing Worker,Elambulasseri,678595,Palakkad,1000,55,Male,3.6
787,Amartya,Cabinetmaker,Elapulli,678622,Palakkad,600,28,Male,2.8
788,Ambareesh,Upholsterer,Elapulli South,678622,Palakkad,800,47,Male,3.4
789,Amit,Landscaper,Elavampadam,678684,Palakkad,900,55,Male,4.6
790,Amrit,Septic Tank Servicer,Elavancheri,678508,Palakkad,700,29,Male,2
791,Anand,Carpentry,Erattakulam,678682,Palakkad,800,31,Male,4.4
792,Ananth,Welder,Eravakkad,679552,Palakkad,1000,33,Male,1.3
793,Anil,Flooring Installer,Erimayur,678546,Palakkad,600,56,Male,4
794,Anirudh,Painter,Eruttenpadi,678555,Palakkad,800,54,Male,4.8
795,Anoop,Electrician,Etapalam,679308,Palakkad,900,33,Male,4.7
796,Anuj,Stonemason,Ettanur,678502,Palakkad,700,45,Male,3.7
797,Anup,Solar Panel Installer,Ezhuvanthala,679335,Palakkad,800,35,Male,3.4
798,Anurag,Locksmith,Gandhi Seva Sadan,679302,Palakkad,1000,52,Male,2.8
799,Aravind,Blacksmith,Ganeshgiri,679123,Palakkad,600,28,Male,1.7
800,Arjun,Plumber,Govindapuram,678507,Palakkad,800,65,Male,3.9
801,Arun,Mechanic,Irimbakachola,678591,Palakkad,900,45,Male,4.3
802,Arvind,Ironworker,Irimbalasseri,679335,Palakkad,700,42,Male,1.3
803,Ashok,Concrete Finisher,Jellipara,678581,Palakkad,800,52,Male,3.4
804,Athul,Fence Installer,Kacheriparamba,678601,Palakkad,1000,36,Male,1.4
805,Balaji,Roofing Worker,Kadambur,679515,Palakkad,600,37,Male,3.4
806,Balu,Cabinetmaker,Kadukkamkunnu,678651,Palakkad,800,45,Male,3.9
807,Binoy,Upholsterer,Kaipuram,679308,Palakkad,900,35,Male,1.5
808,Chaitanya,Mechanic,Kairady,678510,Palakkad,700,52,Male,3.1
809,Chandra,Landscaper,Kaithachira,678582,Palakkad,800,28,Male,3.2
810,Dhananjay,Welder,Kakkayur,678512,Palakkad,1000,65,Male,2.9
811,Deepak,Carpentry,Kalapatti,678702,Palakkad,600,45,Male,1.1
812,Dev,Flooring Installer,Kalkandi,678582,Palakkad,800,42,Male,4.8
813,Devan,Painter,Kalladathur,679552,Palakkad,900,52,Male,4.9
814,Devendra,Electrician,Kalladikode,678596,Palakkad,700,36,Male,3.5
815,Devraj,Stonemason,Kalladipatta,679313,Palakkad,800,37,Male,4.8
816,Dhruv,Solar Panel Installer,Kallamala,678582,Palakkad,1000,37,Male,3.7
817,Dileep,Locksmith,Kallekkad,678006,Palakkad,600,45,Male,1.6
818,Dilip,Blacksmith,Kallipadam,679122,Palakkad,800,35,Male,2.3
819,Dinesh,Plumber,Kallur-palakkad,678613,Palakkad,900,52,Male,1.2
820,Dipesh,Mechanic,Kalluvazhi,679514,Palakkad,700,37,Male,1.3
821,Gautham,Ironworker,Kalpathi,678003,Palakkad,800,40,Male,2.2
822,George,Concrete Finisher,Kanakkanthuruthy,678683,Palakkad,1000,31,Male,2.6
823,Gireesh,Fence Installer,Kanayam,679122,Palakkad,600,45,Male,3.8
824,Gokul,Roofing Worker,Kandamangalam,678583,Palakkad,800,34,Male,3.7
825,Gopal,Cabinetmaker,Kanhikulam,678596,Palakkad,900,42,Male,4.6
826,Govind,Upholsterer,Kanhirapuzha,678591,Palakkad,700,28,Male,4.6
827,Harish,Landscaper,Kanimangalam,678508,Palakkad,800,36,Male,4.6
828,Hari,Septic Tank Servicer,Kanjikode,678621,Palakkad,1000,47,Male,2.7
829,Harishankar,Carpentry,Kannadi,678701,Palakkad,600,50,Male,3.1
830,Hitesh,Welder,Kannambra,678686,Palakkad,800,29,Male,4.4
831,Jagadish,Flooring Installer,Kannanur,678702,Palakkad,900,31,Male,2.1
832,Jagan,Painter,Kanniampuram,679104,Palakkad,700,29,Male,1.7
833,Jagannath,Electrician,Kannimari,678534,Palakkad,800,31,Male,2.6
834,Jai,Stonemason,Kappur,679552,Palakkad,1000,33,Male,4.3
835,Jaison,Solar Panel Installer,Karakurissi,678595,Palakkad,600,56,Male,1.4
836,Jaison,Locksmith,Karalmanna,679506,Palakkad,800,54,Male,2.6
837,Jeevan,Blacksmith,Karambathur,679305,Palakkad,900,33,Male,4.8
838,Jishnu,Plumber,Karara,678581,Palakkad,700,55,Male,4.2
839,Jithin,Mechanic,Choorakode,679336,Palakkad,800,54,Male,3.8
840,Joby,Ironworker,Chulanur,678574,Palakkad,1000,29,Male,1.4
841,John,Concrete Finisher,Chunangad,679511,Palakkad,600,55,Male,1.3
842,Joseph,Fence Installer,Chundampatta,679337,Palakkad,800,28,Male,3
843,Joy,Mechanic,Coyalmanna,678702,Palakkad,900,47,Male,4.1
844,Justin,Roofing Worker,Dhoni,678009,Palakkad,700,55,Male,1
845,Karan,Cabinetmaker,Edakode,679522,Palakkad,800,29,Male,3.6
846,Karthik,Upholsterer,Edathanttukara,678601,Palakkad,1000,31,Male,1.6
847,Kishore,Carpentry,Edathara,678611,Palakkad,600,33,Male,4.3
848,Krish,Plumber,Eduppukulam,678556,Palakkad,800,56,Male,3.8
849,Krishna,Electrician,Elakkad,678631,Palakkad,900,54,Male,1.5
850,Kunal,Grass Cutter,Elambulasseri,678595,Palakkad,700,33,Male,1.3
851,Mahesh,Coconut Climber,Elapulli,678622,Palakkad,800,45,Male,4
852,Manish,Carpentry,Elapulli South,678622,Palakkad,1000,35,Male,1.4
853,Manoj,Painter,Elavampadam,678684,Palakkad,600,52,Male,3.5
854,Midhun,Masonry,Elavancheri,678508,Palakkad,800,28,Male,2.2
855,Mithun,Driver,Erattakulam,678682,Palakkad,900,65,Male,2
856,Mohan,Wood Cutter,Eravakkad,679552,Palakkad,700,45,Male,1.9
857,Mohandas,Electrician,Erimayur,678546,Palakkad,800,42,Male,4.3
858,Mukesh,Home Nurse,Eruttenpadi,678555,Palakkad,1000,52,Male,1.9
859,Nandu,Maid,Etapalam,679308,Palakkad,600,36,Male,2.9
860,Naveen,Plumber,Ettanur,678502,Palakkad,800,37,Male,1
861,Neeraj,Electrician,Ezhuvanthala,679335,Palakkad,900,45,Male,1.6
862,Nidhin,Grass Cutter,Gandhi Seva Sadan,679302,Palakkad,700,35,Male,3.5
863,Nihal,Coconut Climber,Ganeshgiri,679123,Palakkad,800,52,Male,1.9
864,Nikhil,Carpentry,Govindapuram,678507,Palakkad,1000,28,Male,4.8
865,Nishant,Painter,Irimbakachola,678591,Palakkad,600,65,Male,4.7
866,Nitin,Masonry,Irimbalasseri,679335,Palakkad,800,45,Male,3.8
867,Pradeep,Driver,Jellipara,678581,Palakkad,900,42,Male,4.2
868,Prakash,Wood Cutter,Kacheriparamba,678601,Palakkad,700,52,Male,1.1
869,Pramod,Electrician,Kadambur,679515,Palakkad,800,36,Male,2.1
870,Pranav,Home Nurse,Kadukkamkunnu,678651,Palakkad,1000,37,Male,1.5
871,Prasad,Maid,Kaipuram,679308,Palakkad,600,37,Male,4.2
872,Prashant,Plumber,Kairady,678510,Palakkad,800,45,Male,2.9
873,Praveen,Electrician,Kaithachira,678582,Palakkad,900,35,Male,3.2
874,Prem,Grass Cutter,Kakkayur,678512,Palakkad,700,52,Male,2.4
875,Raj,Coconut Climber,Kalapatti,678702,Palakkad,800,37,Male,3
876,Rajan,Carpentry,Kalkandi,678582,Palakkad,1000,40,Male,4.2
877,Rajeev,Painter,Kalladathur,679552,Palakkad,600,31,Male,3.2
878,Rajesh,Masonry,Kalladikode,678596,Palakkad,800,45,Male,2
879,Rajiv,Driver,Kalladipatta,679313,Palakkad,900,34,Male,2.6
880,Rakshit,Electrician,Kallamala,678582,Palakkad,700,42,Male,2
881,Raman,Stonemason,Kallekkad,678006,Palakkad,800,28,Male,4.4
882,Ramdas,Solar Panel Installer,Kallipadam,679122,Palakkad,1000,36,Male,5
883,Ramesh,Locksmith,Kallur-palakkad,678613,Palakkad,600,47,Male,4.2
884,Ravi,Blacksmith,Kalluvazhi,679514,Palakkad,800,50,Male,1.7
885,Ravindra,Plumber,Kalpathi,678003,Palakkad,900,29,Male,4.7
886,Rohan,Mechanic,Kanakkanthuruthy,678683,Palakkad,700,31,Male,4.4
887,Sachin,Ironworker,Kanayam,679122,Palakkad,800,29,Male,1.2
888,Sahil,Concrete Finisher,Kandamangalam,678583,Palakkad,1000,31,Male,1.2
889,Salil,Fence Installer,Kanhikulam,678596,Palakkad,600,33,Male,2.4
890,Sanjay,Roofing Worker,Kanhirapuzha,678591,Palakkad,800,56,Male,3.8
891,Santosh,Cabinetmaker,Kanimangalam,678508,Palakkad,900,54,Male,2.8
892,Satish,Upholsterer,Kanjikode,678621,Palakkad,700,33,Male,2
893,Senthil,Landscaper,Kannadi,678701,Palakkad,800,55,Male,2.9
894,Shankar,Septic Tank Servicer,Kannambra,678686,Palakkad,1000,54,Male,4.3
895,Shantanu,Carpentry,Kannanur,678702,Palakkad,600,29,Male,1.4
896,Sharath,Welder,Kanniampuram,679104,Palakkad,800,55,Male,4.2
897,Shashi,Flooring Installer,Kannimari,678534,Palakkad,900,28,Male,2.1
898,Shyam,Painter,Kappur,679552,Palakkad,700,47,Male,4.6
899,Siva,Electrician,Karakurissi,678595,Palakkad,800,55,Male,2.8
900,Sreenath,Stonemason,Karalmanna,679506,Palakkad,1000,29,Male,1.1
901,Srinath,Solar Panel Installer,Karambathur,679305,Palakkad,600,31,Male,1.2
902,Srinivas,Locksmith,Karara,678581,Palakkad,800,33,Male,4.5
903,Sudhir,Blacksmith,Kadambur,679515,Palakkad,900,56,Male,5
904,Sunil,Plumber,Kadukkamkunnu,678651,Palakkad,700,54,Male,4.6
905,Suresh,Mechanic,Kaipuram,679308,Palakkad,800,33,Male,4.4
906,Suraj,Ironworker,Kairady,678510,Palakkad,1000,45,Male,1.7
907,Syam,Concrete Finisher,Thottara,679513,Palakkad,600,35,Male,4.3
908,Tarun,Fence Installer,Attasseri,679513,Palakkad,800,52,Male,4.6
909,Thomas,Roofing Worker,Mannarkkad,678582,Palakkad,900,28,Male,2.9
910,Uday,Cabinetmaker,Adakkaputhur B.O,679503,Palakkad,700,65,Male,4.7
911,Unnikrishnan,Upholsterer,Agali S.O,678581,Palakkad,800,45,Male,1.7
912,Varun,Mechanic,Akalur B.O,679302,Palakkad,1000,42,Male,2.3
913,Venkat,Landscaper,Attempathy B.O,678556,Palakkad,600,52,Male,3.4
914,Venkatesh,Welder,Athipotta,678544,Palakkad,800,36,Male,1.7
915,Venu,Carpentry,Athicode,678554,Palakkad,900,37,Male,1.5
916,Vibin,Flooring Installer,Ariyur,678583,Palakkad,700,45,Male,4.6
917,Vijay,Painter,Akathethara,678008,Palakkad,800,35,Male,1.1
918,Vikas,Electrician,Alampallam,678506,Palakkad,1000,52,Male,1.9
919,Vikram,Stonemason,Alanallur,678601,Palakkad,600,28,Male,1.9
920,Vinay,Solar Panel Installer,Alangad,678633,Palakkad,800,65,Male,4
921,Vineeth,Locksmith,Alathur Mbr,678541,Palakkad,900,45,Male,3
922,Vishal,Blacksmith,Amayur,679303,Palakkad,700,42,Male,1.9
923,Vishnu,Plumber,Ambalapara,679512,Palakkad,800,52,Male,4.2
924,Vivek,Mechanic,Anjumoorthy,678682,Palakkad,1000,36,Male,1.5
925,Vyas,Ironworker,Ayakkad,678683,Palakkad,600,37,Male,3.4
926,Yadu,Concrete Finisher,Ayalur,678510,Palakkad,800,37,Male,4.4
927,Yash,Fence Installer,Azhiyannur,678633,Palakkad,900,45,Male,4.4
928,Yashwant,Roofing Worker,Bhimanad,678601,Palakkad,700,35,Male,2.5
929,Adarsh,Cabinetmaker,Chalavara,679505,Palakkad,800,52,Male,2.5
930,Ajay,Upholsterer,Chalisseri,679536,Palakkad,1000,37,Male,3.8
931,Akhil,Landscaper,Chaliyattiri,679535,Palakkad,600,40,Male,5
932,Akshay,Septic Tank Servicer,Chandramala Estate,678508,Palakkad,800,31,Male,2.8
933,Akash,Carpentry,Chandranagar,678007,Palakkad,900,45,Male,4.7
934,Alok,Welder,Chandrapuram,678624,Palakkad,700,34,Male,2.4
935,Amit,Flooring Installer,Chandrasekharapuram,678611,Palakkad,800,42,Male,2.2
936,Amal,Painter,Changileri,678762,Palakkad,1000,28,Male,4.1
937,Amrit,Electrician,Chathamangalam,678508,Palakkad,600,36,Male,3.6
938,Anand,Stonemason,Chathanur,679535,Palakkad,800,47,Male,4.2
939,Ananth,Solar Panel Installer,Chavadiyur,678581,Palakkad,900,50,Male,2.7
940,Anil,Locksmith,Chembra,679304,Palakkad,700,29,Male,4
941,Anirudh,Blacksmith,Chennangad,678573,Palakkad,800,31,Male,1.6
942,Anoop,Plumber,Chenthamaranagar,678102,Palakkad,1000,29,Male,3.7
943,Anuj,Mechanic,Cheramangalam,678703,Palakkad,600,31,Male,3.1
944,Aravind,Ironworker,Cherambattakavu,679501,Palakkad,800,33,Male,3.9
945,Arjun,Concrete Finisher,Cheraya,678631,Palakkad,900,56,Male,4.6
946,Arun,Fence Installer,Cherottur,679521,Palakkad,700,54,Male,2.4
947,Ashok,Mechanic,Cherpalcheri,679503,Palakkad,800,33,Male,3.6
948,Balaji,Roofing Worker,Cherukattupulam,679522,Palakkad,1000,55,Male,2.1
949,Binoy,Cabinetmaker,Cherukode,679336,Palakkad,600,54,Male,2.4
950,Chaitanya,Upholsterer,Cherukulam,678572,Palakkad,800,29,Male,3.8
951,Dhananjay,Carpentry,Cherukutangad,679305,Palakkad,900,55,Male,3.3
952,Deepak,Plumber,Cherumundasseri,679512,Palakkad,700,28,Male,2.6
953,Dev,Electrician,Chethallur,678583,Palakkad,800,47,Male,3.4
954,Devan,Grass Cutter,Chimbukat,678721,Palakkad,1000,55,Male,3.5
955,Dhruv,Coconut Climber,Chindaki,678582,Palakkad,600,29,Male,3.5
956,Dileep,Carpentry,Chithali,678702,Palakkad,800,31,Male,2.3
957,Dilip,Painter,Chittadi,678706,Palakkad,900,33,Male,1.4
958,Dinesh,Masonry,Chittilancheri,678704,Palakkad,700,56,Male,3.3
959,Gautham,Driver,Chittur,678581,Palakkad,800,54,Male,2.8
960,George,Wood Cutter,Chokkanathapuram,678005,Palakkad,1000,33,Male,4.7
961,Gireesh,Electrician,Choorakode,679336,Palakkad,600,45,Male,4.9
962,Gokul,Home Nurse,Chulanur,678574,Palakkad,800,35,Male,3.4
963,Gopal,Maid,Chunangad,679511,Palakkad,900,52,Male,3.9
964,Govind,Plumber,Chundampatta,679337,Palakkad,700,28,Male,3.4
965,Harish,Electrician,Coyalmanna,678702,Palakkad,800,65,Male,2.8
966,Hari,Grass Cutter,Dhoni,678009,Palakkad,1000,45,Male,2.3
967,Harishankar,Coconut Climber,Edakode,679522,Palakkad,600,42,Male,2.5
968,Hitesh,Carpentry,Edathanttukara,678601,Palakkad,800,52,Male,3.1
969,Jagadish,Painter,Edathara,678611,Palakkad,900,36,Male,2.2
970,Jagan,Masonry,Eduppukulam,678556,Palakkad,700,37,Male,3.2
971,Jagannath,Driver,Elakkad,678631,Palakkad,800,45,Male,1.3
972,Jai,Wood Cutter,Elambulasseri,678595,Palakkad,1000,35,Male,4.6
973,Jaison,Electrician,Elapulli,678622,Palakkad,600,52,Male,1.4
974,Jeevan,Home Nurse,Elapulli South,678622,Palakkad,800,28,Male,2.2
975,Jishnu,Maid,Elavampadam,678684,Palakkad,900,65,Male,2.7
976,Jithin,Plumber,Elavancheri,678508,Palakkad,700,45,Male,2.1
977,Joby,Electrician,Erattakulam,678682,Palakkad,800,42,Male,1.1
978,John,Grass Cutter,Eravakkad,679552,Palakkad,1000,52,Male,1.9
979,Joseph,Coconut Climber,Erimayur,678546,Palakkad,600,36,Male,1.9
980,Joy,Carpentry,Eruttenpadi,678555,Palakkad,800,37,Male,4.6
981,Justin,Painter,Etapalam,679308,Palakkad,900,37,Male,4.7
982,Karan,Masonry,Ettanur,678502,Palakkad,700,45,Male,4.4
983,Karthik,Driver,Ezhuvanthala,679335,Palakkad,800,35,Male,1.4
984,Kishore,Electrician,Gandhi Seva Sadan,679302,Palakkad,1000,52,Male,2.1
985,Krish,Stonemason,Ganeshgiri,679123,Palakkad,600,37,Male,4.4
986,Krishna,Solar Panel Installer,Govindapuram,678507,Palakkad,800,40,Male,5
987,Kunal,Locksmith,Irimbakachola,678591,Palakkad,900,31,Male,4.1
988,Mahesh,Blacksmith,Irimbalasseri,679335,Palakkad,700,45,Male,1.5
989,Manish,Plumber,Jellipara,678581,Palakkad,800,34,Male,2.6
990,Manoj,Mechanic,Kacheriparamba,678601,Palakkad,1000,42,Male,3.5
991,Midhun,Ironworker,Kadambur,679515,Palakkad,600,28,Male,2.9
992,Mithun,Concrete Finisher,Kadukkamkunnu,678651,Palakkad,800,36,Male,4.5
993,Mohan,Fence Installer,Kaipuram,679308,Palakkad,900,47,Male,2
994,Mohandas,Roofing Worker,Kairady,678510,Palakkad,700,50,Male,2.6
995,Mukesh,Cabinetmaker,Kaithachira,678582,Palakkad,800,29,Male,2.3
996,Nandu,Upholsterer,Kakkayur,678512,Palakkad,1000,31,Male,1.5
997,Naveen,Landscaper,Kalapatti,678702,Palakkad,600,29,Male,4
998,Neeraj,Septic Tank Servicer,Kalkandi,678582,Palakkad,800,31,Male,3.3
999,Nidhin,Carpentry,Kalladathur,679552,Palakkad,900,33,Male,4.9
1000,Nihal,Welder,Kalladikode,678596,Palakkad,700,56,Male,2.6
1001,Nikhil,Flooring Installer,Kalladipatta,679313,Palakkad,800,54,Male,2
1002,Nishant,Painter,Kallamala,678582,Palakkad,1000,33,Male,2
1003,Nitin,Electrician,Kallekkad,678006,Palakkad,600,55,Male,2.8
1004,Pradeep,Stonemason,"Edakochi, Kochi",682010,Ernakulam,800,54,Male,4.1
1005,Prakash,Solar Panel Installer,"Edakochi, Kochi",682010,Ernakulam,900,29,Male,3.6
1006,Pramod,Locksmith,"Edakochi, Kochi",682010,Ernakulam,700,55,Male,2.7
1007,Pranav,Blacksmith,"Edakochi, Kochi",682010,Ernakulam,800,28,Male,4.7
1008,Prasad,Plumber,"Edakochi, Kochi",682010,Ernakulam,1000,47,Male,3.5
1009,Prashant,Mechanic,"Edakochi, Kochi",682010,Ernakulam,600,55,Male,2.4
1010,Praveen,Ironworker,"Edakochi, Kochi",682010,Ernakulam,800,29,Male,1.8
1011,Prem,Concrete Finisher,"Edakochi, Kochi",682010,Ernakulam,900,31,Male,2.1
1012,Raj,Fence Installer,"Palluruthy, Kochi",682005,Ernakulam,700,33,Male,2
1013,Rajan,Roofing Worker,"Palluruthy, Kochi",682005,Ernakulam,800,56,Male,3.4
1014,Rajeev,Cabinetmaker,"Palluruthy, Kochi",682005,Ernakulam,1000,54,Male,3.5
1015,Rajesh,Upholsterer,"Palluruthy, Kochi",682005,Ernakulam,600,33,Male,4.5
1016,Rajiv,Mechanic,"Palluruthy, Kochi",682005,Ernakulam,800,45,Male,3.3
1017,Rakshit,Landscaper,"Palluruthy, Kochi",682005,Ernakulam,900,35,Male,4.5
1018,Raman,Welder,"Palluruthy, Kochi",682005,Ernakulam,700,52,Male,1.6
1019,Ramdas,Carpentry,"Palluruthy, Kochi",682005,Ernakulam,800,28,Male,2.2
1020,Ramesh,Flooring Installer,"Palluruthy, Kochi",682005,Ernakulam,1000,65,Male,2.4
1021,Ravi,Painter,"Palluruthy, Kochi",682005,Ernakulam,600,45,Male,3.8
1022,Ravindra,Electrician,"Palluruthy, Kochi",682005,Ernakulam,800,42,Male,2.1
1023,Rohan,Stonemason,"N.A.D,Aluva",683563,Ernakulam,900,52,Male,4
1024,Sachin,Solar Panel Installer,"N.A.D,Aluva",683563,Ernakulam,700,36,Male,3.3
1025,Sahil,Locksmith,"N.A.D,Aluva",683563,Ernakulam,800,37,Male,4.5
1026,Salil,Blacksmith,"N.A.D,Aluva",683563,Ernakulam,1000,45,Male,2.5
1027,Sanjay,Plumber,"N.A.D,Aluva",683563,Ernakulam,600,35,Male,2.6
1028,Santosh,Mechanic,"N.A.D,Aluva",683563,Ernakulam,800,52,Male,1.8
1029,Satish,Ironworker,"N.A.D,Aluva",683563,Ernakulam,900,28,Male,2.2
1030,Senthil,Concrete Finisher,"N.A.D,Aluva",683563,Ernakulam,700,65,Male,3.2
1031,Shankar,Fence Installer,"N.A.D,Aluva",683563,Ernakulam,800,45,Male,3.6
1032,Shantanu,Roofing Worker,"N.A.D,Aluva",683563,Ernakulam,1000,42,Male,5
1033,Sharath,Cabinetmaker,"N.A.D,Aluva",683563,Ernakulam,600,52,Male,3.2
1034,Shashi,Upholsterer,Angamally,683572,Ernakulam,800,36,Male,1.4
1035,Shyam,Landscaper,Angamally,683572,Ernakulam,900,37,Male,4.1
1036,Siva,Septic Tank Servicer,Angamally,683572,Ernakulam,700,37,Male,1.5
1037,Sreenath,Carpentry,Angamally,683572,Ernakulam,800,45,Male,1.4
1038,Srinath,Welder,Angamally,683572,Ernakulam,1000,35,Male,4.5
1039,Srinivas,Flooring Installer,Angamally,683572,Ernakulam,600,52,Male,3.9
1040,Sudhir,Painter,Angamally,683572,Ernakulam,800,37,Male,1.9
1041,Sunil,Electrician,Angamally,683572,Ernakulam,900,40,Male,1.6
1042,Suresh,Stonemason,Angamally,683572,Ernakulam,700,31,Male,2.3
1043,Suraj,Solar Panel Installer,Angamally,683572,Ernakulam,800,45,Male,2.6
1044,Syam,Locksmith,Nadathara,680751,Trissur,1000,34,Male,2.5
1045,Tarun,Blacksmith,Nadathara,680751,Trissur,600,42,Male,4
1046,Thomas,Plumber,Nadathara,680751,Trissur,800,28,Male,2.2
1047,Uday,Mechanic,Nadathara,680751,Trissur,900,36,Male,3.4
1048,Unnikrishnan,Ironworker,Nadathara,680751,Trissur,700,47,Male,4.5
1049,Varun,Concrete Finisher,Nadathara,680751,Trissur,800,50,Male,2.9
1050,Venkat,Fence Installer,Nadathara,680751,Trissur,1000,29,Male,3
1051,Venkatesh,Mechanic,Nadathara,680751,Trissur,600,31,Male,3.1
1052,Venu,Roofing Worker,Nadathara,680751,Trissur,800,29,Male,2
1053,Vibin,Cabinetmaker,Nadathara,680751,Trissur,900,31,Male,1.1
1054,Vijay,Upholsterer,Nadathara,680751,Trissur,700,33,Male,1.1
1055,Vikas,Carpentry,Mattam,680602,Trissur,800,56,Male,2.3
1056,Vikram,Plumber,Mattam,680602,Trissur,1000,54,Male,4.3
1057,Vinay,Electrician,Mattam,680602,Trissur,600,33,Male,4.3
1058,Vineeth,Grass Cutter,Mattam,680602,Trissur,800,55,Male,2.2
1059,Vishal,Coconut Climber,Mattam,680602,Trissur,900,54,Male,1
1060,Vishnu,Carpentry,Mattam,680602,Trissur,700,29,Male,1.1
1061,Vivek,Painter,Mattam,680602,Trissur,800,55,Male,4.5
1062,Vyas,Masonry,Mattam,680602,Trissur,1000,28,Male,1.1
1063,Yadu,Driver,Mattam,680602,Trissur,600,47,Male,2.8
1064,Yash,Wood Cutter,Mattam,680602,Trissur,800,55,Male,3.3
1065,Yashwant,Electrician,Kuttikkad,680724,Trissur,900,29,Male,2.4
1066,Abhinav,Home Nurse,Kuttikkad,680724,Trissur,700,31,Male,2.7
1067,Abhishek,Maid,Kuttikkad,680724,Trissur,800,33,Male,4.8
1068,Adarsh,Plumber,Kuttikkad,680724,Trissur,1000,56,Male,3.8
1069,Akbar,Electrician,Kuttikkad,680724,Trissur,600,54,Male,4.7
1070,Akhil,Grass Cutter,Kuttikkad,680724,Trissur,800,33,Male,1.2
1071,Akshay,Coconut Climber,Kuttikkad,680724,Trissur,900,45,Male,4.2
1072,Ananthu,Carpentry,Kuttikkad,680724,Trissur,700,35,Male,4.1
1073,Anirudh,Painter,Kuttikkad,680724,Trissur,800,52,Male,2.3
1074,Anoop,Masonry,Kuttikkad,680724,Trissur,1000,28,Male,4.4
1075,Antony,Driver,"Attigal,chirayinkeezhu",695101,Thiruvananthapuram,600,65,Male,4
1076,Anuj,Wood Cutter,"Attigal,chirayinkeezhu",695101,Thiruvananthapuram,800,45,Male,1.8
1077,Aravind,Electrician,"Attigal,chirayinkeezhu",695101,Thiruvananthapuram,900,42,Male,3.4
1078,Arun,Home Nurse,"Attigal,chirayinkeezhu",695101,Thiruvananthapuram,700,52,Male,3.6
1079,Arvind,Maid,"Attigal,chirayinkeezhu",695101,Thiruvananthapuram,800,36,Male,1.7
1080,Ashwin,Plumber,"Attigal,chirayinkeezhu",695101,Thiruvananthapuram,1000,37,Male,1.6
1081,Balakrishna,Electrician,"Attigal,chirayinkeezhu",695101,Thiruvananthapuram,600,45,Male,3.3
1082,Balu,Grass Cutter,"Attigal,chirayinkeezhu",695101,Thiruvananthapuram,800,35,Male,2.6
1083,Bharath,Coconut Climber,"Attigal,chirayinkeezhu",695101,Thiruvananthapuram,900,52,Male,4.6
1084,Bhaskar,Carpentry,"Attigal,chirayinkeezhu",695101,Thiruvananthapuram,700,28,Male,4.2
1085,Chandan,Painter,"Sasthamangalam,Thiruvananthapuram",695010,Thiruvananthapuram,800,65,Male,4.4
1086,Charan,Masonry,"Sasthamangalam,Thiruvananthapuram",695010,Thiruvananthapuram,1000,45,Male,3.4
1087,Deepu,Driver,"Sasthamangalam,Thiruvananthapuram",695010,Thiruvananthapuram,600,42,Male,1.7
1088,Ebin,Electrician,"Sasthamangalam,Thiruvananthapuram",695010,Thiruvananthapuram,800,52,Male,3.7
1089,Eldho,Stonemason,"Sasthamangalam,Thiruvananthapuram",695010,Thiruvananthapuram,900,36,Male,4.6
1090,Fazil,Solar Panel Installer,"Sasthamangalam,Thiruvananthapuram",695010,Thiruvananthapuram,700,37,Male,4.3
1091,Ganesh,Locksmith,"Sasthamangalam,Thiruvananthapuram",695010,Thiruvananthapuram,800,37,Male,4.1
1092,Gautham,Blacksmith,"Sasthamangalam,Thiruvananthapuram",695010,Thiruvananthapuram,1000,45,Male,3.7
1093,Hariharan,Plumber,"Sasthamangalam,Thiruvananthapuram",695010,Thiruvananthapuram,600,35,Male,4.1
1094,Jayaprakash,Mechanic,"Sasthamangalam,Thiruvananthapuram",695010,Thiruvananthapuram,800,52,Male,2.2
1095,Jayasurya,Ironworker,"Bavali,Mananthavady",670646,Wayanad,900,37,Male,2.9
1096,Jayesh,Concrete Finisher,"Bavali,Mananthavady",670646,Wayanad,700,40,Male,3.9
1097,Karthikeyan,Fence Installer,"Bavali,Mananthavady",670646,Wayanad,800,31,Male,2.8
1098,Kishan,Roofing Worker,"Bavali,Mananthavady",670646,Wayanad,1000,45,Male,2.9
1099,Kiran,Cabinetmaker,"Bavali,Mananthavady",670646,Wayanad,600,34,Male,3.3
1100,Kishore,Upholsterer,"Bavali,Mananthavady",670646,Wayanad,800,42,Male,1.4
1101,Kuber,Landscaper,"Bavali,Mananthavady",670646,Wayanad,900,28,Male,2.8
1102,Kurian,Septic Tank Servicer,"Bavali,Mananthavady",670646,Wayanad,700,36,Male,4.8
1103,Lakshman,Carpentry,"Bavali,Mananthavady",670646,Wayanad,800,47,Male,5
1104,Mahesh,Welder,"Bavali,Mananthavady",670646,Wayanad,1000,50,Male,4.8
1105,Manu,Flooring Installer,"Anthinad,Meenachil",686651,Kottayam,600,29,Male,2.6
1106,Mohandas,Painter,"Anthinad,Meenachil",686651,Kottayam,800,31,Male,2.7
1107,Mukundan,Electrician,"Anthinad,Meenachil",686651,Kottayam,900,29,Male,4.9
1108,Nandakumar,Stonemason,"Anthinad,Meenachil",686651,Kottayam,700,31,Male,4.3
1109,Narayan,Solar Panel Installer,"Anthinad,Meenachil",686651,Kottayam,800,33,Male,4.9
1110,Narayanan,Locksmith,"Anthinad,Meenachil",686651,Kottayam,1000,56,Male,4.4
1111,Nikith,Blacksmith,"Anthinad,Meenachil",686651,Kottayam,600,54,Male,1.5
1112,Nitish,Plumber,"Anthinad,Meenachil",686651,Kottayam,800,33,Male,3.6
1113,Nivin,Mechanic,"Anthinad,Meenachil",686651,Kottayam,900,55,Male,1.6
1114,Pranav,Ironworker,"Anthinad,Meenachil",686651,Kottayam,700,54,Male,3.9
1115,Prathap,Concrete Finisher,"Anthinad,Meenachil",686651,Kottayam,800,29,Male,3.1
1116,Premkumar,Fence Installer,"Asramam,Kollam",691002,Kollam,1000,55,Male,2.5
1117,Rajat,Roofing Worker,"Asramam,Kollam",691002,Kollam,600,28,Male,1.7
1118,Rakesh,Cabinetmaker,"Asramam,Kollam",691002,Kollam,800,47,Male,2.2
1119,Ram,Upholsterer,"Asramam,Kollam",691002,Kollam,900,55,Male,3.2
1120,Ramakrishna,Mechanic,"Asramam,Kollam",691002,Kollam,700,29,Male,4.6
1121,Ramesh,Landscaper,"Asramam,Kollam",691002,Kollam,800,31,Male,1.1
1122,Ramu,Welder,"Asramam,Kollam",691002,Kollam,1000,33,Male,4.2
1123,Ravi,Carpentry,"Asramam,Kollam",691002,Kollam,600,56,Male,1.9
1124,Rishabh,Flooring Installer,Kaloor,682017,Ernakulam,800,54,Male,1.6
1125,Rohit,Painter,Kaloor,682017,Ernakulam,900,33,Male,4.5
1126,Sachin,Electrician,Cherthala,688524,Alapuzha,700,45,Male,2.4
1127,Sahadev,Stonemason,Cherthala,688524,Alapuzha,800,35,Male,3.5
1128,Sajan,Solar Panel Installer,Cherthala,688524,Alapuzha,1000,52,Male,2.8
1129,Saket,Locksmith,Cherthala,688524,Alapuzha,600,28,Male,1.1
1130,Sankar,Blacksmith,Kavalappara,679523,Palakkad,800,65,Male,1.7
1131,Santhosh,Plumber,Kavalpad,678012,Palakkad,900,45,Male,4
1132,Sarath,Mechanic,Kavasseri,678543,Palakkad,700,42,Male,1
1133,Satish,Ironworker,Kavundikkal,678581,Palakkad,800,52,Male,1.2
1134,Selvam,Concrete Finisher,Kayiliad,679122,Palakkad,1000,36,Male,3.2
1135,Shashank,Fence Installer,Kazhani,678543,Palakkad,600,37,Male,1.5
1136,Shiva,Roofing Worker,Keralasseri,678641,Palakkad,800,45,Male,2.5
1137,Shivam,Cabinetmaker,Kilakkancheri,678684,Palakkad,900,35,Male,3
1138,Shyam,Upholsterer,Kilakkumbram,678642,Palakkad,700,52,Male,2.5
1139,Siddharth,Landscaper,Kilmuri,679307,Palakkad,800,28,Male,2
1140,Sooraj,Septic Tank Servicer,Kinasseri,678701,Palakkad,1000,65,Male,3.3
1141,Subin,Carpentry,Kinavallur,678612,Palakkad,600,45,Male,3.4
1142,Sujay,Welder,Kizhakkumuri,678508,Palakkad,800,42,Male,1.2
1143,Sujith,Flooring Installer,Kizhayur,679303,Palakkad,900,52,Male,1.3
1144,Suman,Painter,Kizhur,679501,Palakkad,700,36,Male,4.3
1145,Sunil,Electrician,Kodakkad,678583,Palakkad,800,37,Male,2.7
1146,Surya,Stonemason,Kodumunda,679303,Palakkad,1000,37,Male,2.2
1147,Syam,Solar Panel Installer,Koduntharapully,678004,Palakkad,600,45,Male,3.7
1148,Tejas,Locksmith,Koduvayur,678501,Palakkad,800,35,Male,3.5
1149,Tharun,Blacksmith,Kolikkottusseri,679303,Palakkad,900,52,Male,2.3
1150,Thirumal,Plumber,Kollengode,678506,Palakkad,700,37,Male,3.9
1151,Thirumala,Mechanic,Kondurkara,679313,Palakkad,800,40,Male,3
1152,Thomas,Ironworker,Kongad,678631,Palakkad,1000,31,Male,3.8
1153,Ujjwal,Concrete Finisher,Konikazhi,678632,Palakkad,600,45,Male,1.9
1154,Umesh,Fence Installer,Adayamon,695614,Trivandrum ,800,34,Male,3.6
1155,Venu,Mechanic,Alamcode,695102,Trivandrum ,900,42,Male,1.5
1156,Vignesh,Roofing Worker,Aliyadu,695607,Trivandrum ,700,28,Male,4
1157,Vijayakumar,Cabinetmaker,Altharamoodu,695102,Trivandrum ,800,36,Male,3.1
1158,Vinod,Upholsterer,Amachal,695572,Trivandrum ,1000,47,Male,1
1159,Vipin,Carpentry,Amaravila,695122,Trivandrum ,600,50,Male,4
1160,Vishal,Plumber,Ambalamukku,695005,Trivandrum ,800,29,Male,3.5
1161,Vivek,Electrician,Ambalathara,695026,Trivandrum ,900,31,Male,4.7
1162,Vraj,Grass Cutter,Ambalathinkala,695572,Trivandrum ,700,29,Male,3.3
1163,Vrishabh,Coconut Climber,Amboori,695505,Trivandrum ,800,31,Male,1.6
1164,Zahir,Carpentry,Anad,695544,Trivandrum ,1000,33,Male,2.3
1165,Aadi,Painter,Anakudy,695606,Trivandrum ,600,56,Male,2.1
1166,Aarav,Masonry,Anappara,695551,Trivandrum ,800,54,Male,4.2
1167,Aarush,Driver,Anathalavattom,695306,Trivandrum ,900,33,Male,1.2
1168,Abhay,Wood Cutter,Anavoor,695124,Trivandrum ,700,55,Male,4
1169,Abhijeet,Electrician,Anayara,695029,Trivandrum ,800,54,Male,4.2
1170,Aditya,Home Nurse,Andoorkonam,695584,Trivandrum ,1000,29,Male,4.7
1171,Akash,Maid,Anjengo,695309,Trivandrum ,600,55,Male,4.7
1172,Akshay,Plumber,Aralumoodu,695123,Trivandrum ,800,28,Male,3.1
1173,Amritanshu,Electrician,Aramada,695032,Trivandrum ,900,47,Male,1.7
1174,Aniket,Grass Cutter,Arayur,695122,Trivandrum ,700,55,Male,3.9
1175,Ansh,Coconut Climber,Arumanoor,695525,Trivandrum ,800,29,Male,3.4
1176,Anshul,Carpentry,Aruvikara,695564,Trivandrum ,1000,31,Male,4.7
1177,Arhaan,Painter,Aruvipuram,695126,Trivandrum ,600,33,Male,2.3
1178,Arjun,Masonry,Aryanad,695542,Trivandrum ,800,56,Male,4.8
1179,Aryan,Driver,Attakulangara,695023,Trivandrum ,900,54,Male,3.4
1180,Ashutosh,Wood Cutter,Attingal,695101,Trivandrum ,700,33,Male,4.3
1181,Ayush,Electrician,Attukal,695009,Trivandrum ,800,45,Male,2.1
1182,Chirag,Home Nurse,Avanavancherry,695103,Trivandrum ,1000,35,Male,1.7
1183,Darshan,Maid,Ayilam,695103,Trivandrum ,600,52,Male,3.1
1184,Deepanshu,Plumber,Ayira,695502,Trivandrum ,800,28,Male,3.4
1185,Devansh,Electrician,Ayroor-varkala,695310,Trivandrum ,900,65,Male,2.1
1186,Devendra,Grass Cutter,Azhurmarket,695305,Trivandrum ,700,45,Male,3.9
1187,Devraj,Coconut Climber,Balaramapuram,695501,Trivandrum ,800,42,Male,4.4
1188,Divyansh,Carpentry,Beemapally,695008,Trivandrum ,1000,52,Male,2.9
1189,Harsh,Painter,Bhagavathinada,695501,Trivandrum ,600,36,Male,4.7
1190,Hrithik,Masonry,Bharathannur,695616,Trivandrum ,800,37,Male,4.2
1191,Ishan,Driver,Bonaccord,695557,Trivandrum ,900,45,Male,1.8
1192,Kshitij,Electrician,Cgo Complex poonkulam,695522,Trivandrum ,700,35,Male,2.1
1193,Lakshay,Stonemason,Chaikkottukonam,695122,Trivandrum ,800,52,Male,3.4
1194,Manit,Solar Panel Installer,Chakkai,695024,Trivandrum ,1000,28,Male,2.6
1195,Mihir,Locksmith,Changa,695542,Trivandrum ,600,65,Male,3.5
1196,Naman,Blacksmith,Channamkara,695315,Trivandrum ,800,45,Male,3.8
1197,Parth,Plumber,Charupara,695601,Trivandrum ,900,42,Male,1.8
1198,Pranay,Mechanic,Cheeranikkara,695615,Trivandrum ,700,52,Male,3.1
1199,Pulkit,Ironworker,Chekkakonam,695564,Trivandrum ,800,36,Male,4.2
1200,Rachit,Concrete Finisher,Chempazhanthy,695587,Trivandrum ,1000,37,Male,2.9
1201,Rajat,Fence Installer,Chenkal,695132,Trivandrum ,600,37,Male,1.8
1202,Rajveer,Roofing Worker,Cheriakolla,695504,Trivandrum ,800,45,Male,4.6
1203,Ritik,Cabinetmaker,Cheriyakonni,695013,Trivandrum ,900,35,Male,4.4
1204,Rudra,Upholsterer,Cherunniyur,695142,Trivandrum ,700,52,Male,2.9
1205,Sahil,Landscaper,Cheruvarakonam,695502,Trivandrum ,800,37,Male,1.7
1206,Saurabh,Septic Tank Servicer,Cheruvikkal,695011,Trivandrum ,1000,40,Male,3.9
1207,Shaurya,Carpentry,Chettachal,695551,Trivandrum ,600,31,Male,4.9
1208,Shubham,Welder,Chilakur,695141,Trivandrum ,800,45,Male,1.4
1209,Yashwardhan,Flooring Installer,Chirayinkeezhu,695304,Trivandrum ,900,34,Male,5
1210,Aarathi,Painter,Chittattumukku,695588,Trivandrum ,700,42,Female,1.6
1211,Aishwarya,Electrician,Chowara,695501,Trivandrum ,800,28,Female,2.9
1212,Akhila,Stonemason,Chullimanoor,695541,Trivandrum ,1000,36,Female,4.1
1213,Aleena,Solar Panel Installer,Cotton Hill,695014,Trivandrum ,600,47,Female,3.7
1214,Amala,Locksmith,Daivapura,695563,Trivandrum ,800,50,Female,2.4
1215,Amritha,Blacksmith,Dalmughom,695125,Trivandrum ,900,29,Female,1.1
1216,Ananya,Plumber,Dhanuvachapuram,695503,Trivandrum ,700,31,Female,3.9
1217,Anjali,Mechanic,Edakode,695104,Trivandrum ,800,29,Female,3
1218,Anju,Ironworker,Edava,695311,Trivandrum ,1000,31,Female,1.1
1219,Anjana,Concrete Finisher,Elakamon,695310,Trivandrum ,600,33,Female,3.5
1220,Anusha,Fence Installer,Elakamon-kizhakkepuram,695310,Trivandrum ,800,56,Female,3.3
1221,Anu,Roofing Worker,Elavattom,695562,Trivandrum ,900,54,Female,2.3
1222,Arya,Cabinetmaker,Elluvila,695504,Trivandrum ,700,33,Female,3.3
1223,Asha,Upholsterer,Ex-servicemen's Colony,695562,Trivandrum ,800,55,Female,3.8
1224,Aswathy,Mechanic,Goureesapattom,695004,Trivandrum ,1000,54,Female,3.7
1225,Athira,Landscaper,Hariharapuram,695310,Trivandrum ,600,29,Female,3.8
1226,Aysha,Welder,Idinjar,695563,Trivandrum ,800,55,Female,4.3
1227,Bhavana,Carpentry,Ilamba,695103,Trivandrum ,900,28,Female,4.9
1228,Chandni,Flooring Installer,Ilanchiyam,695563,Trivandrum ,700,47,Female,3.3
1229,Devika,Painter,Industrial Estate,695019,Trivandrum ,800,55,Female,2.1
1230,Devi,Electrician,Irinchayam,695561,Trivandrum ,1000,29,Female,1.9
1231,Divya,Stonemason,Iroorpara,695584,Trivandrum ,600,31,Female,4.4
1232,Gayathri,Solar Panel Installer,Jagathy,695014,Trivandrum ,800,33,Female,2.5
1233,Gopika,Locksmith,Janardhanapuram,695141,Trivandrum ,900,56,Female,4.2
1234,Greeshma,Blacksmith,Kachani,695013,Trivandrum ,700,54,Female,4.8
1235,Harini,Plumber,Kadakkavur,695306,Trivandrum ,800,33,Female,4.8
1236,Indira,Mechanic,Kaikara,695307,Trivandrum ,1000,45,Female,1.3
1237,Ishita,Ironworker,Kaimanam,695040,Trivandrum ,600,35,Female,1
1238,Janaki,Concrete Finisher,Kaithamukku,695024,Trivandrum ,800,52,Female,4.5
1239,Janani,Fence Installer,Kakkavila,695506,Trivandrum ,900,28,Female,5
1240,Janhvi,Roofing Worker,Kalamachal,695606,Trivandrum ,700,65,Female,2.5
1241,Jaya,Cabinetmaker,Kallambalam,695605,Trivandrum ,800,45,Female,3.2
1242,Jyothi,Upholsterer,Kallar Tvm,695551,Trivandrum ,1000,42,Female,4.2
1243,Kala,Landscaper,Kallara,695608,Trivandrum ,600,52,Female,3.7
1244,Kalyani,Septic Tank Servicer,Kallayam,695043,Trivandrum ,800,36,Female,3.6
1245,Kavita,Carpentry,Kalliyal,695574,Trivandrum ,900,37,Female,2.5
1246,Kavya,Welder,Kalliyoor,695042,Trivandrum ,700,45,Female,4.5
1247,Lakshmi,Flooring Installer,Kanchinada,695609,Trivandrum ,800,35,Female,4.9
1248,Lekha,Painter,Kandala,695512,Trivandrum ,1000,52,Female,3.5
1249,Madhavi,Electrician,Kaniyapuram,695301,Trivandrum ,600,28,Female,4.2
1250,Madhumita,Stonemason,Kanjampazhanji,695525,Trivandrum ,800,65,Female,3.1
1251,Mahima,Solar Panel Installer,Kanjiramkulam,695524,Trivandrum ,900,45,Female,2
1252,Malavika,Locksmith,Kanjirampara,695030,Trivandrum ,700,42,Female,4.5
1253,Manju,Blacksmith,Kappil,695311,Trivandrum ,800,52,Female,2
1254,Maya,Plumber,Karakonam,695504,Trivandrum ,1000,36,Female,1.4
1255,Meenakshi,Mechanic,Karakulam,695564,Trivandrum ,600,37,Female,1.3
1256,Megha,Ironworker,Karamana,695002,Trivandrum ,800,37,Female,2.7
1257,Mehta,Concrete Finisher,Karavaram,695605,Trivandrum ,900,45,Female,4.6
1258,Nandana,Fence Installer,Karikuzhi,695505,Trivandrum ,700,35,Female,3.1
1259,Nandini,Mechanic,Karimanal,695583,Trivandrum ,800,52,Female,3.1
1260,Nayana,Roofing Worker,Karimancode,695562,Trivandrum ,1000,37,Female,2.6
1261,Neelima,Cabinetmaker,Karimkuttikara,695606,Trivandrum ,600,40,Female,2.9
1262,Neha,Upholsterer,Karipur,695541,Trivandrum ,800,31,Female,2.9
1263,Nidhi,Carpentry,Karode,695506,Trivandrum ,900,45,Female,4.1
1264,Nisha,Plumber,Karumom,695002,Trivandrum ,700,34,Female,5
1265,Parvati,Electrician,Karyavattom,695581,Trivandrum ,800,42,Female,3.6
1266,Pooja,Grass Cutter,Katakam,695304,Trivandrum ,1000,28,Female,3.3
1267,Poonam,Coconut Climber,Kattachalkuzhy,695509,Trivandrum ,600,36,Female,4.8
1268,Preethi,Carpentry,Kattacode,695572,Trivandrum ,800,47,Female,3.7
1269,Priya,Painter,Kattaikonam,695584,Trivandrum ,900,50,Female,1.5
1270,Rachana,Masonry,Kattakada,695572,Trivandrum ,700,45,Female,4
1271,Radha,Driver,Kattumpuram,695608,Trivandrum ,800,35,Female,2.4
1272,Remya,Wood Cutter,Kaudiar,695003,Trivandrum ,1000,52,Female,4.3
1273,Reshma,Electrician,Kaudiar Square,695003,Trivandrum ,600,28,Female,1.1
1274,Revathi,Home Nurse,Kavalayur,695144,Trivandrum ,800,65,Female,2
1275,Ria,Maid,Kazhakuttam,695582,Trivandrum ,900,45,Female,4.7
1276,Riya,Plumber,Kazhavur,695526,Trivandrum ,700,42,Female,1.9
1277,Roshni,Electrician,Keezharur,695130,Trivandrum ,800,52,Female,3.9
1278,Saanvi,Grass Cutter,Keezhattingal,695101,Trivandrum ,1000,36,Female,4
1279,Sabitha,Coconut Climber,Kerala Governor's camp,695099,Trivandrum ,600,37,Female,4.2
1280,Sangeetha,Carpentry,Kidarakuzhy,695523,Trivandrum ,800,37,Female,1.5
1281,Sanjana,Painter,Kilimanur,695601,Trivandrum ,900,45,Female,4.1
1282,Sanya,Masonry,Kilimanur Palace,695601,Trivandrum ,700,35,Female,4.6
1283,Sari,Driver,Kizhuvalam,695104,Trivandrum ,800,52,Female,3.6
1284,Sarika,Wood Cutter,Kochuvila,695563,Trivandrum ,1000,37,Female,3.4
1285,Shalini,Electrician,Kodithookiyakunnu,695608,Trivandrum ,600,40,Female,3.2
1286,Sheela,Home Nurse,Kodunganur,695013,Trivandrum ,800,31,Female,1
1287,Shilpa,Maid,Kodungavila,695123,Trivandrum ,900,45,Female,1.3
1288,Shivani,Plumber,Koduvazhannur,695612,Trivandrum ,700,45,Female,3.7
1289,Shobha,Electrician,Koithurkonam,695584,Trivandrum ,800,42,Female,4.3
1290,Shreya,Grass Cutter,Kokkotela,695542,Trivandrum ,1000,52,Female,2.8
1291,Simran,Coconut Climber,Kokkottukonam,695604,Trivandrum ,600,36,Female,4.3
1292,Sita,Carpentry,Koliakode,695607,Trivandrum ,800,37,Female,1.9
1293,Smitha,Painter,Kollode,695571,Trivandrum ,900,37,Female,2.4
1294,Sneha,Masonry,Konchira,695615,Trivandrum ,700,45,Female,1.4
1295,Sonia,Driver,Koonanvenga,695560,Trivandrum ,900,35,Female,1.3
1296,Sowmya,Upholsterer,Koonthallur,695304,Trivandrum ,700,44,Female,1.4
1297,Sruthi,Carpentry,Koothali(tvm),695505,Trivandrum ,800,56,Female,3.2
1298,Suchitra,Plumber,Kottackal (tvm),695124,Trivandrum ,1000,36,Female,2.8
1299,Sudha,Electrician,Kottakkakom,695542,Trivandrum ,600,39,Female,2.9
1300,Suma,Electrician,Kottapuram,695521,Trivandrum ,800,41,Female,3.4
1301,Sunanda,Electrician,Kottoor(tvm),695574,Trivandrum ,900,40,Female,3.4
1302,Sunita,Plumber,"Asramam,Kollam",691002,Kollam,800,37,Female,1.1
1303,Supriya,Mechanic,"Asramam,Kollam",691002,Kollam,1000,45,Female,4.4
1304,Sushma,Ironworker,"Asramam,Kollam",691002,Kollam,600,35,Female,1.6
1305,Swati,Concrete Finisher,"Asramam,Kollam",691002,Kollam,800,52,Female,2.2
1306,Tara,Fence Installer,Kaloor,682017,Ernakulam,900,37,Female,3.5
1307,Uma,Roofing Worker,Kaloor,682017,Ernakulam,700,40,Female,4.5
1308,Usha,Cabinetmaker,Cherthala,688524,Alapuzha,800,31,Female,1.9
1309,Vaishnavi,Upholsterer,Cherthala,688524,Alapuzha,1000,45,Female,4.2
1310,Rama,Landscaper,Cherthala,688524,Alapuzha,600,45,Female,2
1311,Geetha,Septic Tank Servicer,Cherthala,688524,Alapuzha,800,42,Female,4.5
1312,Suresh,Carpentry,Janardhanapuram,695141,Trivandrum ,700,39,Male,4.1
1313,Ramesh,Painter,Kachani,695013,Trivandrum ,800,41,Male,2.5
1314,Anjali,Masonry,Kadakkavur,695306,Trivandrum ,1000,40,Female,2.9
1315,Athira,Driver,Kaikara,695307,Trivandrum ,600,37,Female,1.1
1316,Aani,Wood Cutter,Kaimanam,695040,Trivandrum ,800,45,Female,4
1317,Lissi,Electrician,Kaithamukku,695024,Trivandrum ,900,35,Female,2.7
1318,Jose,Home Nurse,Kakkavila,695506,Trivandrum ,800,52,Male,3.2
1319,Jonson,Maid,Kalamachal,695606,Trivandrum ,1000,37,Male,2.9
1320,Mathew,Plumber,Kallambalam,695605,Trivandrum ,600,40,Male,3
1321,Gopalan,Electrician,Kallar Tvm,695551,Trivandrum ,800,31,Male,4.8
1322,Elsi,Grass Cutter,Kallara,695608,Trivandrum ,900,45,Female,3
1323,Remya,Coconut Climber,Kallayam,695043,Trivandrum ,700,45,Female,3.9
1324,Ramu,Carpentry,Kalliyal,695574,Trivandrum ,800,42,Male,1
1325,Bindu,Painter,Kalliyoor,695042,Trivandrum ,1000,39,Female,4.7
1326,Raman,Masonry,Kanchinada,695609,Trivandrum ,600,41,Male,3.5
1327,Aneesh,Driver,Kandala,695512,Trivandrum ,800,40,Male,4.2
1328,Biju,Electrician,Kaniyapuram,695301,Trivandrum ,700,37,Male,2.9
1329,Rajani,Stonemason,Kanjampazhanji,695525,Trivandrum ,800,45,Female,3.3
1330,Bineesh,Solar Panel Installer,Kanjiramkulam,695524,Trivandrum ,1000,35,Male,3.8
